"","alcohol","sulphates","volatile.acidity","fixed.acidity","total.sulfur.dioxide","density","chlorides","residual.sugar"
"1",9.4,0.56,0.7,7.4,34,0.9978,0.076,1.9
"2",9.8,0.68,0.88,7.8,67,0.9968,0.098,2.6
"3",9.8,0.65,0.76,7.8,54,0.997,0.092,2.3
"4",9.8,0.58,0.28,11.2,60,0.998,0.075,1.9
"5",9.4,0.56,0.7,7.4,34,0.9978,0.076,1.9
"6",9.4,0.56,0.66,7.4,40,0.9978,0.075,1.8
"7",9.4,0.46,0.6,7.9,59,0.9964,0.069,1.6
"8",10,0.47,0.65,7.3,21,0.9946,0.065,1.2
"9",9.5,0.57,0.58,7.8,18,0.9968,0.073,2
"10",10.5,0.8,0.5,7.5,102,0.9978,0.071,6.1
"11",9.2,0.54,0.58,6.7,65,0.9959,0.097,1.8
"12",10.5,0.8,0.5,7.5,102,0.9978,0.071,6.1
"13",9.9,0.52,0.615,5.6,59,0.9943,0.089,1.6
"14",9.1,1.56,0.61,7.8,29,0.9974,0.114,1.6
"15",9.2,0.88,0.62,8.9,145,0.9986,0.176,3.8
"16",9.2,0.93,0.62,8.9,148,0.9986,0.17,3.9
"17",10.5,0.75,0.28,8.5,103,0.9969,0.092,1.8
"18",9.3,1.28,0.56,8.1,56,0.9968,0.368,1.7
"19",9,0.5,0.59,7.4,29,0.9974,0.086,4.4
"20",9.2,1.08,0.32,7.9,56,0.9969,0.341,1.8
"21",9.4,0.53,0.22,8.9,60,0.9968,0.077,1.8
"22",9.7,0.65,0.39,7.6,71,0.9982,0.082,2.3
"23",9.5,0.91,0.43,7.9,37,0.9966,0.106,1.6
"24",9.4,0.53,0.49,8.5,67,0.9968,0.084,2.3
"25",9.7,0.63,0.4,6.9,40,0.9968,0.085,2.4
"26",9.3,0.56,0.39,6.3,23,0.9955,0.08,1.4
"27",9.5,0.59,0.41,7.6,11,0.9962,0.08,1.8
"28",9.5,0.91,0.43,7.9,37,0.9966,0.106,1.6
"29",9.4,0.55,0.71,7.1,35,0.9972,0.08,1.9
"30",9.8,0.59,0.645,7.8,16,0.9964,0.082,2
"31",10.1,0.54,0.675,6.7,82,0.9958,0.089,2.4
"32",10.6,0.57,0.685,6.9,37,0.9966,0.105,2.5
"33",9.8,0.66,0.655,8.3,113,0.9966,0.083,2.3
"34",9.4,0.52,0.605,6.9,83,0.9993,0.073,10.7
"35",9.2,0.55,0.32,5.2,50,0.9957,0.103,1.8
"36",9.6,0.55,0.645,7.8,18,0.9986,0.086,5.5
"37",10.8,0.6,0.6,7.8,15,0.9975,0.086,2.4
"38",9.7,0.73,0.38,8.1,30,0.9968,0.066,2.1
"39",9.8,0.48,1.13,5.7,19,0.994,0.172,1.5
"40",10.5,0.83,0.45,7.3,87,0.9978,0.074,5.9
"41",10.5,0.83,0.45,7.3,87,0.9978,0.074,5.9
"42",9.3,0.51,0.61,8.8,46,0.9976,0.088,2.8
"43",10.5,0.9,0.49,7.5,14,0.9968,0.332,2.6
"44",10.3,1.2,0.66,8.1,23,0.9968,0.069,2.2
"45",9.5,0.52,0.67,6.8,11,0.9962,0.05,1.8
"46",13.1,0.56,0.52,4.6,65,0.9934,0.054,2.1
"47",9.2,0.73,0.935,7.7,114,0.997,0.114,2.2
"48",9.5,0.58,0.29,8.7,37,0.9969,0.113,1.6
"49",9.2,0.56,0.4,6.4,12,0.9958,0.066,1.6
"50",9.2,0.58,0.31,5.6,96,0.9954,0.074,1.4
"51",9.2,0.74,0.66,8.8,23,0.9971,0.074,1.7
"52",9.4,0.63,0.52,6.6,15,0.9956,0.069,2.2
"53",9.4,0.64,0.5,6.6,14,0.9955,0.068,2.1
"54",9.4,0.56,0.38,8.6,119,0.997,0.081,3
"55",10.2,0.63,0.51,7.6,73,0.9955,0.11,2.8
"56",9.5,0.53,0.62,7.7,45,0.9978,0.084,3.8
"57",9.6,0.63,0.42,10.2,10,0.9971,0.07,3.4
"58",9.4,0.77,0.63,7.5,110,0.9983,0.111,5.1
"59",10,0.59,0.59,7.8,54,0.9975,0.076,2.3
"60",9.4,0.54,0.39,7.3,46,0.9962,0.074,2.4
"61",9.2,0.64,0.4,8.8,52,0.998,0.079,2.2
"62",9.3,0.71,0.69,7.7,112,0.9968,0.115,1.8
"63",9.5,0.62,0.52,7.5,35,0.9968,0.085,1.9
"64",9.8,0.57,0.735,7,54,0.9966,0.081,2
"65",10.9,0.39,0.725,7.2,11,0.9962,0.086,4.65
"66",10.9,0.39,0.725,7.2,11,0.9962,0.086,4.65
"67",9.6,0.58,0.52,7.5,39,0.9968,0.079,1.5
"68",10.7,0.58,0.705,6.6,15,0.9962,0.076,1.6
"69",10.7,0.79,0.32,9.3,65,0.9969,0.074,2
"70",10.5,0.95,0.705,8,19,0.9962,0.074,1.9
"71",9.5,0.54,0.63,7.7,27,0.9967,0.076,1.9
"72",9.5,0.48,0.67,7.7,96,0.9962,0.088,2.1
"73",9.5,0.48,0.69,7.7,94,0.9961,0.084,1.9
"74",9.2,0.53,0.675,8.3,43,0.9976,0.084,2.1
"75",9.6,0.82,0.32,9.7,83,0.9984,0.094,2.5
"76",10.5,0.66,0.41,8.8,42,0.9986,0.093,2.2
"77",10.5,0.66,0.41,8.8,42,0.9986,0.093,2.2
"78",10.7,0.55,0.785,6.8,30,0.9966,0.104,2.4
"79",10.1,0.52,0.75,6.7,80,0.9958,0.086,2
"80",9.1,1.12,0.625,8.3,119,0.9972,0.08,1.5
"81",9.2,0.56,0.45,6.2,15,0.9958,0.069,1.6
"82",9.4,1.28,0.43,7.8,67,0.9974,0.464,1.9
"83",9.1,0.57,0.5,7.4,73,0.997,0.086,2
"84",9.4,1.14,0.67,7.3,51,0.9969,0.401,1.8
"85",10.3,0.78,0.3,6.3,61,0.9959,0.069,1.8
"86",10.1,0.59,0.55,6.9,40,0.9961,0.076,2.2
"87",9.9,1.95,0.49,8.6,136,0.9972,0.11,1.9
"88",9.6,0.64,0.49,7.7,31,0.9966,0.062,1.9
"89",9.5,1.22,0.39,9.3,125,0.9978,0.107,2.1
"90",9,0.53,0.62,7,24,0.9978,0.076,1.8
"91",9.5,0.54,0.52,7.9,140,0.9964,0.079,1.9
"92",9.9,1.95,0.49,8.6,136,0.9972,0.11,1.9
"93",9.8,1.98,0.49,8.6,133,0.9972,0.11,2
"94",9.6,0.64,0.49,7.7,31,0.9966,0.062,1.9
"95",10.5,0.48,1.02,5,85,0.9938,0.045,1.4
"96",12.9,0.6,0.6,4.7,106,0.9932,0.058,2.3
"97",10.7,0.56,0.775,6.8,23,0.9965,0.102,3
"98",9.2,0.63,0.5,7,22,0.9963,0.07,2
"99",9.8,0.56,0.9,7.6,10,0.9967,0.079,2.5
"100",9,0.59,0.545,8.1,35,0.9972,0.08,1.9
"101",10.2,0.61,0.61,8.3,50,0.9972,0.084,2.1
"102",10.4,0.56,0.5,7.8,22,0.9959,0.075,1.9
"103",9,0.59,0.545,8.1,35,0.9972,0.08,1.9
"104",9.2,0.51,0.575,8.1,65,0.9967,0.077,2.1
"105",9.4,0.48,0.49,7.2,36,0.996,0.07,2.2
"106",9.2,0.51,0.575,8.1,65,0.9967,0.077,2.1
"107",9.3,1.31,0.41,7.8,69,0.9973,0.467,1.7
"108",9.3,0.79,0.63,6.2,64,0.9969,0.088,1.7
"109",9.6,0.8,0.33,8,80,0.9976,0.091,2.5
"110",9.3,0.69,0.785,8.1,153,0.9969,0.122,2
"111",9.5,0.93,0.56,7.8,47,0.9964,0.104,1.8
"112",9.8,0.66,0.62,8.4,108,0.9964,0.084,2.2
"113",9.8,0.66,0.6,8.4,111,0.9964,0.085,2.2
"114",9.7,0.67,0.31,10.1,46,0.9988,0.08,2.3
"115",9.5,0.93,0.56,7.8,47,0.9964,0.104,1.8
"116",10.5,0.63,0.4,9.4,62,0.9966,0.09,2.2
"117",10,0.61,0.54,8.3,40,0.9978,0.077,1.9
"118",9.4,0.5,0.56,7.8,28,0.997,0.082,2
"119",10.9,0.6,0.55,8.8,56,0.9962,0.119,2.2
"120",9.2,0.54,0.69,7,89,0.9959,0.097,1.8
"121",9,0.57,1.07,7.3,89,0.9962,0.178,1.7
"122",10.9,0.6,0.55,8.8,56,0.9962,0.119,2.2
"123",9.2,0.52,0.695,7.3,13,0.998,0.075,2.5
"124",9.5,0.53,0.71,8,34,0.9976,0.08,2.6
"125",9.5,0.48,0.5,7.8,102,0.996,0.082,1.6
"126",9.4,0.7,0.62,9,90,0.9984,0.146,1.9
"127",10.9,0.49,1.33,8.2,12,0.9964,0.081,1.7
"128",10.9,0.48,1.33,8.1,12,0.9964,0.082,1.8
"129",10.5,0.92,0.59,8,16,0.9962,0.065,1.8
"130",9.4,0.57,0.38,6.1,19,0.9955,0.072,1.8
"131",9.4,0.66,0.745,8,134,0.9968,0.118,2
"132",13,0.63,0.5,5.6,99,0.9937,0.049,2.3
"133",13,0.63,0.5,5.6,99,0.9937,0.049,2.3
"134",9.8,0.58,0.5,6.6,26,0.9952,0.06,1.5
"135",9.9,0.55,1.04,7.9,29,0.9959,0.084,2.2
"136",9.6,0.82,0.745,8.4,63,0.9965,0.09,1.9
"137",9.5,0.77,0.715,8.3,52,0.9968,0.089,1.8
"138",9.2,0.64,0.415,7.2,45,0.9972,0.081,2
"139",9.5,0.54,0.56,7.8,105,0.9962,0.081,2.1
"140",9.5,0.54,0.56,7.8,108,0.9962,0.081,2
"141",9.6,0.82,0.745,8.4,63,0.9965,0.09,1.9
"142",9.5,0.77,0.715,8.3,52,0.9968,0.089,1.8
"143",14,0.79,0.34,5.2,63,0.9916,0.05,1.8
"144",9.4,0.58,0.39,6.3,20,0.9954,0.066,1.7
"145",14,0.79,0.34,5.2,63,0.9916,0.05,1.8
"146",9.4,0.62,0.67,8.1,141,0.9968,0.117,1.8
"147",10,0.52,0.68,5.8,94,0.9944,0.087,1.8
"148",9.3,0.8,0.49,7.6,88,0.9968,0.236,1.6
"149",10.2,0.58,0.49,6.9,30,0.9959,0.074,2.3
"150",10.5,0.61,0.4,8.2,43,0.9975,0.089,2.8
"151",10.3,0.53,0.33,7.3,11,0.9958,0.077,2.1
"152",9.4,2,0.52,9.2,69,0.9996,0.61,3.4
"153",10.1,0.54,0.6,7.5,99,0.995,0.095,1.8
"154",10.1,0.54,0.6,7.5,99,0.995,0.095,1.8
"155",10.5,0.72,0.43,7.1,129,0.9973,0.07,5.5
"156",10.5,0.71,0.43,7.1,128,0.9973,0.071,5.5
"157",10.5,0.72,0.43,7.1,129,0.9973,0.07,5.5
"158",10.5,0.71,0.43,7.1,128,0.9973,0.071,5.5
"159",9.3,0.5,0.68,7.1,22,0.9969,0.073,2.2
"160",9.3,0.57,0.6,6.8,86,0.9968,0.079,1.9
"161",9.6,0.56,0.95,7.6,20,0.9959,0.09,2
"162",9.2,1.08,0.68,7.6,20,0.9965,0.072,1.3
"163",10,0.56,0.53,7.8,31,0.9964,0.076,1.7
"164",9.4,0.49,0.6,7.4,121,0.9982,0.07,7.3
"165",9.4,0.49,0.59,7.3,121,0.9981,0.07,7.2
"166",9.5,0.62,0.63,7.8,96,0.9961,0.1,1.7
"167",10.2,0.52,0.64,6.8,101,0.9956,0.085,2.1
"168",9,0.48,0.55,7.3,42,0.9956,0.072,1.6
"169",10.4,0.55,0.63,6.8,44,0.9953,0.089,2.1
"170",9.5,1.59,0.705,7.5,63,0.9964,0.36,1.8
"171",9.1,0.33,0.885,7.9,8,0.9972,0.058,1.8
"172",9.2,0.61,0.42,8,18,0.9972,0.073,2
"173",9.2,0.61,0.42,8,18,0.9972,0.073,2
"174",11.5,0.57,0.62,7.4,42,0.9961,0.068,1.9
"175",9.5,0.47,0.38,7.3,35,0.9961,0.08,2
"176",9.5,0.78,0.5,6.9,49,0.9958,0.085,1.5
"177",9.5,0.47,0.38,7.3,35,0.9961,0.08,2
"178",10.5,0.61,0.52,7.5,38,0.9972,0.087,2.3
"179",9.6,0.56,0.805,7,20,0.9969,0.068,2.5
"180",9.5,0.59,0.61,8.8,42,0.9969,0.067,2.4
"181",9.5,0.59,0.61,8.8,42,0.9969,0.067,2.4
"182",9.3,1.02,0.61,8.9,110,0.9972,0.27,2
"183",9.3,0.52,0.73,7.2,42,0.9972,0.076,2.5
"184",9.3,0.58,0.61,6.8,65,0.9971,0.077,1.8
"185",9.3,0.58,0.62,6.7,62,0.997,0.079,1.9
"186",9.7,0.53,0.31,8.9,85,0.9971,0.111,2
"187",9.2,0.55,0.39,7.4,67,0.9972,0.082,2
"188",9.7,0.49,0.705,7.7,26,0.9976,0.084,2.6
"189",9.5,0.55,0.5,7.9,143,0.9968,0.084,2
"190",9.5,0.55,0.49,7.9,144,0.9968,0.082,1.9
"191",9.4,0.62,0.5,8.2,127,0.9976,0.077,2.9
"192",9.8,0.62,0.37,6.4,49,0.9974,0.074,1.9
"193",9.5,0.61,0.63,6.8,126,0.9969,0.099,3.8
"194",9.7,0.55,0.55,7.6,28,0.9964,0.071,2.2
"195",9.7,0.55,0.55,7.6,28,0.9964,0.071,2.2
"196",9.4,0.54,0.59,7.8,120,0.9968,0.074,2
"197",10.2,0.59,0.58,7.3,55,0.9968,0.074,2.4
"198",10.1,0.97,0.3,11.5,27,0.9981,0.067,2
"199",13,0.85,0.835,5.4,93,0.9924,0.046,1.2
"200",11.4,0.43,1.09,6.9,31,0.9948,0.061,2.1
"201",10.3,0.82,0.32,9.6,24,0.99695,0.056,1.4
"202",9.3,1.03,0.37,8.8,145,0.9975,0.097,2.1
"203",9.5,0.79,0.5,6.8,49,0.99545,0.075,1.5
"204",9.2,0.55,0.42,7,39,0.9961,0.088,1.6
"205",9.2,0.56,0.43,7,37,0.99615,0.089,1.6
"206",10.8,0.77,0.3,12.8,28,0.9994,0.095,2.6
"207",10.8,0.77,0.3,12.8,28,0.9994,0.095,2.6
"208",9.3,0.53,0.57,7.8,120,0.99625,0.069,1.8
"209",9.4,0.67,0.44,7.8,95,0.9966,0.1,2.7
"210",10.5,0.88,0.3,11,19,0.998,0.054,2.1
"211",12.4,0.86,0.53,9.7,19,0.99585,0.039,2
"212",10,0.56,0.725,8,62,0.99685,0.083,2.8
"213",10.2,0.67,0.44,11.6,15,0.998,0.059,2.1
"214",10.1,0.43,0.57,8.2,65,0.9959,0.06,2.2
"215",9.8,0.71,0.735,7.8,41,0.9974,0.092,2.4
"216",10.5,0.76,0.49,7,121,0.9974,0.06,5.6
"217",11,0.57,0.625,8.7,49,0.9962,0.101,2
"218",9.1,0.55,0.725,8.1,41,0.9967,0.072,2.2
"219",9.7,0.54,0.49,7.5,44,0.9957,0.076,1.9
"220",9.5,0.6,0.53,7.8,144,0.99655,0.08,2.4
"221",9.4,0.59,0.34,7.8,58,0.9964,0.082,2
"222",9.4,0.57,0.53,7.4,72,0.9957,0.101,2
"223",9.5,0.6,0.61,6.8,10,0.99525,0.057,1.5
"224",10,0.6,0.645,8.6,28,0.99815,0.083,2
"225",10.4,0.57,0.635,8.4,55,0.99745,0.089,2
"226",10.5,0.58,0.43,7.7,63,0.99615,0.073,2.6
"227",9.5,1.61,0.59,8.9,81,0.9964,0.337,2
"228",9.8,0.63,0.82,9,23,0.9984,0.089,2.6
"229",10.5,0.58,0.43,7.7,63,0.99615,0.073,2.6
"230",11,0.5,0.52,6.9,37,0.99685,0.081,2.6
"231",12.2,0.62,0.48,5.2,106,0.9927,0.054,1.6
"232",9.9,0.52,0.38,8,49,0.99625,0.078,1.8
"233",9.6,0.7,0.37,8.5,58,0.998,0.09,2.8
"234",11,0.5,0.52,6.9,37,0.99685,0.081,2.6
"235",9,0.55,1,8.2,37,0.99685,0.065,2.3
"236",9,0.58,0.63,7.2,38,0.99675,0.097,1.9
"237",9,0.58,0.63,7.2,38,0.99675,0.097,1.9
"238",9.2,0.58,0.645,7.2,39,0.99675,0.097,1.9
"239",9,0.58,0.63,7.2,38,0.99675,0.097,1.9
"240",9,0.55,1,8.2,37,0.99685,0.065,2.3
"241",9.3,1.09,0.635,8.9,62,0.9971,0.263,1.7
"242",10.9,0.71,0.38,12,24,0.99925,0.093,2.1
"243",9.8,0.49,0.58,7.7,109,0.99565,0.102,1.8
"244",9.2,0.84,0.21,15,24,1.00005,0.075,2.2
"245",9.2,0.84,0.21,15,24,1.00005,0.075,2.2
"246",9.9,0.96,0.66,7.3,23,0.9983,0.084,2
"247",9.5,0.52,0.68,7.1,51,0.99685,0.075,1.9
"248",9.3,0.45,0.6,8.2,73,0.9963,0.072,2.3
"249",9.8,0.48,0.53,7.7,39,0.99615,0.074,1.7
"250",9.9,0.96,0.66,7.3,23,0.9983,0.084,2
"251",10,0.78,0.32,10.8,37,0.9985,0.063,1.6
"252",9.9,0.7,0.6,7.1,34,0.9972,0.074,1.8
"253",10.5,0.53,0.35,11.1,21,0.9986,0.09,3.1
"254",9.5,0.59,0.775,7.7,86,0.9959,0.092,1.9
"255",9.9,0.7,0.6,7.1,34,0.9972,0.074,1.8
"256",9.3,0.57,0.57,8,119,0.99675,0.073,3.2
"257",9.2,0.62,0.34,9.4,13,0.998,0.075,2.2
"258",9.2,0.67,0.695,6.6,56,0.9968,0.075,2.1
"259",9.4,1.26,0.41,7.7,45,0.9968,0.611,1.8
"260",10.5,0.8,0.31,10,33,0.99965,0.085,2.6
"261",9.3,0.65,0.33,7.9,45,0.99625,0.077,1.7
"262",9.4,0.6,0.975,7,67,0.99565,0.087,2
"263",10,0.57,0.52,8,35,0.99575,0.07,1.7
"264",9.3,0.67,0.37,7.9,49,0.9963,0.077,1.8
"265",10.9,0.87,0.56,12.5,27,0.9999,0.064,2.4
"266",10.2,0.72,0.26,11.8,10,0.9968,0.071,1.8
"267",9.8,0.72,0.87,8.1,61,1.00025,0.096,3.3
"268",12.8,0.86,0.35,7.9,37,0.9973,0.078,3.6
"269",9.4,0.91,0.54,6.9,27,0.9987,0.077,3
"270",10.1,0.97,0.18,11.5,23,0.9996,0.104,4
"271",10.7,0.67,0.545,7.9,61,0.9965,0.087,4
"272",10.1,0.97,0.18,11.5,23,0.9996,0.104,4
"273",10.1,0.78,0.37,10.9,65,0.99935,0.071,4
"274",9.4,0.64,0.715,8.4,38,0.99735,0.076,2.4
"275",9.4,0.77,0.65,7.5,94,0.99915,0.088,7
"276",10.7,0.67,0.545,7.9,61,0.9965,0.087,4
"277",9.4,0.91,0.54,6.9,27,0.9987,0.077,3
"278",10.1,0.97,0.18,11.5,23,0.9996,0.104,4
"279",12.6,0.82,0.32,10.3,13,0.9976,0.073,6.4
"280",10.5,0.77,0.4,8.9,47,0.9991,0.087,5.6
"281",9.3,0.82,0.26,11.4,19,0.9986,0.071,3.6
"282",9.9,1.08,0.27,7.7,10,0.9972,0.358,3.5
"283",9.1,0.57,0.52,7.6,53,0.9971,0.067,3
"284",10.5,0.77,0.4,8.9,47,0.9991,0.087,5.6
"285",9.8,0.71,0.59,9.9,71,1.00015,0.102,3.4
"286",9.8,0.71,0.59,9.9,71,1.00015,0.102,3.4
"287",10.3,0.76,0.45,12,49,0.9997,0.073,2
"288",10.3,0.7,0.4,7.5,53,0.9967,0.092,3
"289",10.6,0.86,0.52,8.7,49,0.9976,0.091,2.5
"290",9.2,0.95,0.42,11.6,98,1.001,0.105,3.3
"291",10.6,0.86,0.52,8.7,49,0.9976,0.091,2.5
"292",10.5,0.71,0.2,11,18,0.9979,0.343,2
"293",10.3,0.64,0.55,10.4,48,0.9994,0.091,2.7
"294",10.1,0.6,0.36,6.9,16,0.9964,0.098,2.4
"295",9.5,0.81,0.34,13.3,53,1.0014,0.094,3.2
"296",9.5,0.64,0.5,10.8,27,1.0001,0.073,2.5
"297",9.9,0.52,0.83,10.6,70,0.9981,0.086,2.6
"298",9.6,0.73,0.63,7.1,29,0.99855,0.083,2
"299",9.7,0.8,0.65,7.2,31,0.9993,0.094,2.3
"300",9.6,0.71,0.67,6.9,33,0.99845,0.08,2.1
"301",10.7,0.59,0.53,7.5,44,0.9965,0.086,2.6
"302",10.1,0.64,0.18,11.1,15,0.9973,0.068,1.5
"303",10,0.72,0.705,8.3,28,0.9994,0.092,2.6
"304",9.5,0.54,0.67,7.4,21,0.996,0.186,1.6
"305",9.2,0.52,0.65,8.4,90,0.9973,0.112,2.1
"306",9.3,0.59,0.53,10.3,25,0.9998,0.063,2.5
"307",9.4,0.52,0.62,7.6,54,0.9966,0.082,2.2
"308",9.5,0.62,0.41,10.3,14,0.9994,0.213,2.4
"309",9.5,0.63,0.43,10.3,12,0.9994,0.214,2.4
"310",9.5,0.53,0.29,7.4,30,0.9968,0.062,1.7
"311",9.3,0.59,0.53,10.3,25,0.9998,0.063,2.5
"312",9.4,0.54,0.53,7.9,105,0.996,0.072,2
"313",9.5,0.63,0.46,9,98,0.99815,0.093,2.8
"314",9.4,0.53,0.47,8.6,135,0.9976,0.076,3
"315",11,0.68,0.36,7.4,72,0.99645,0.087,2.6
"316",11,0.65,0.35,7.1,53,0.9962,0.096,2.5
"317",10.1,0.65,0.56,9.6,92,0.9996,0.102,3.4
"318",10.4,0.64,0.77,9.6,74,0.99865,0.082,2.9
"319",11.5,0.71,0.66,9.8,59,0.9989,0.083,3.2
"320",10.4,0.64,0.77,9.6,74,0.99865,0.082,2.9
"321",11.5,0.71,0.66,9.8,59,0.9989,0.083,3.2
"322",9.7,0.62,0.61,9.3,87,0.99975,0.09,3.4
"323",9.3,0.63,0.62,7.8,18,0.99735,0.079,2.3
"324",9.5,0.7,0.59,10.3,73,0.999,0.09,2.8
"325",9.2,0.69,0.49,10,50,1.0015,0.071,11
"326",9.2,0.69,0.49,10,50,1.0015,0.071,11
"327",11.5,0.74,0.53,11.6,14,0.9978,0.121,3.65
"328",11.5,0.83,0.44,10.3,13,0.998,0.107,4.5
"329",9.7,0.67,0.27,13.4,21,1.0002,0.082,2.6
"330",9.5,0.62,0.46,10.7,15,0.9981,0.061,2
"331",12.5,0.66,0.36,10.2,41,0.998,0.122,2.9
"332",12.5,0.66,0.36,10.2,41,0.998,0.122,2.9
"333",9.4,0.54,0.58,8,114,0.9973,0.066,3.2
"334",11,0.52,0.56,8.4,44,0.9958,0.105,2.1
"335",11.7,0.74,0.65,7.9,38,0.9963,0.078,2.5
"336",12.2,0.84,0.695,11.9,21,0.9992,0.128,3.4
"337",12.5,0.7,0.43,8.9,16,0.9948,0.052,1.9
"338",10.3,0.64,0.43,7.8,58,0.9974,0.08,2.8
"339",11.5,1,0.49,12.4,99,1.0008,0.103,3
"340",9.8,1.36,0.28,12.5,29,0.9997,0.082,2.3
"341",9.2,1.18,0.34,12.2,21,1,0.066,2.4
"342",11.3,0.87,0.42,10.6,18,0.9972,0.065,2.7
"343",9.8,0.75,0.39,10.9,14,0.9982,0.118,1.8
"344",9.8,0.75,0.39,10.9,14,0.9982,0.118,1.8
"345",10.7,0.78,0.57,11.9,32,1.0006,0.082,2.6
"346",9.9,0.81,0.685,7,63,0.9979,0.067,1.9
"347",12.3,0.89,0.815,6.6,34,0.9955,0.072,2.7
"348",12,0.93,0.49,13.8,15,0.9986,0.093,3
"349",10,0.92,0.56,9.6,46,0.9979,0.089,2.8
"350",9.4,0.86,0.785,9.1,28,0.9994,0.093,2.6
"351",9.9,0.98,0.67,10.7,34,1.0004,0.107,2.7
"352",9.4,0.83,0.795,9.1,26,0.9994,0.096,2.6
"353",9.3,0.73,0.665,7.7,19,0.9974,0.09,2.4
"354",13,0.77,0.53,13.5,77,1.0018,0.12,4.8
"355",11.9,0.59,0.21,6.1,165,0.9912,0.066,1.4
"356",12.8,0.61,0.75,6.7,32,0.9955,0.078,2.4
"357",11,0.88,0.41,11.5,55,1.0001,0.08,3
"358",11.7,0.75,0.42,10.5,29,0.997,0.116,2.95
"359",10.4,0.85,0.43,11.9,23,1,0.109,3.1
"360",9.8,0.68,0.38,12.6,41,1.001,0.088,2.6
"361",9.4,0.7,0.7,8.2,81,0.9973,0.099,2
"362",9.9,0.91,0.45,8.6,50,0.9982,0.086,2.6
"363",10,0.56,0.58,11.9,37,0.9992,0.072,2.5
"364",10.2,0.87,0.46,12.5,15,0.9988,0.071,2
"365",10,0.73,0.615,12.8,42,1.0022,0.083,5.8
"366",11.8,0.93,0.42,10,21,0.9979,0.107,3.4
"367",10,0.73,0.615,12.8,42,1.0022,0.083,5.8
"368",9,0.69,0.575,10.4,24,1,0.076,2.6
"369",9.4,0.64,0.34,10.3,75,0.9998,0.159,2.8
"370",12,1.13,0.27,9.4,18,0.9962,0.074,2.4
"371",9.9,0.78,0.765,6.9,63,0.9975,0.063,2.3
"372",8.7,0.87,0.24,7.9,25,0.9967,0.056,1.6
"373",10.6,1.04,0.28,9.1,46,0.9967,0.067,1.8
"374",9.2,0.63,0.55,7.4,72,0.9959,0.106,2.2
"375",10.8,0.81,0.41,14,47,1.0014,0.089,3.8
"376",11.8,0.83,0.54,11.5,15,0.9984,0.124,4.4
"377",11,1.11,0.45,11.5,47,1.0003,0.078,3
"378",12,1.13,0.27,9.4,18,0.9962,0.074,2.4
"379",13.3,0.99,0.625,11.4,24,0.9988,0.088,6.2
"380",10.8,0.7,0.42,8.3,60,0.9979,0.094,2.5
"381",9.4,0.8,0.26,8.3,27,0.9974,0.08,2
"382",10,0.8,0.415,13.7,43,1.0014,0.085,2.9
"383",9.4,0.8,0.26,8.3,27,0.9974,0.08,2
"384",9.4,0.8,0.26,8.3,27,0.9974,0.08,2
"385",9.2,0.74,0.51,7.7,54,0.998,0.087,2.1
"386",9.7,0.76,0.63,7.4,37,0.9979,0.09,2.4
"387",9.2,0.74,0.54,7.8,48,0.9981,0.088,2
"388",9.6,0.54,0.66,8.3,42,0.9972,0.079,1.9
"389",9.2,0.74,0.46,7.8,53,0.9981,0.088,1.9
"390",10,0.7,0.38,9.6,49,0.9982,0.096,2.5
"391",12.9,0.82,0.85,5.6,88,0.9924,0.045,1.4
"392",10,0.8,0.415,13.7,43,1.0014,0.085,2.9
"393",9.5,0.51,0.37,9.5,26,0.998,0.082,2
"394",9.1,0.54,0.665,8.4,95,0.997,0.112,2
"395",9.9,0.57,0.6,12.7,25,0.9997,0.063,2.3
"396",13,0.6,0.37,12,38,1.0004,0.066,4.2
"397",9.9,0.53,0.735,6.6,124,0.9994,0.122,7.9
"398",11,0.65,0.59,11.5,49,0.9988,0.087,2.6
"399",11,0.65,0.59,11.5,49,0.9988,0.087,2.6
"400",9.4,0.55,0.765,8.7,42,0.9963,0.064,2.3
"401",9.9,0.53,0.735,6.6,124,0.9994,0.122,7.9
"402",10.8,0.47,0.26,7.7,38,0.9949,0.059,1.7
"403",10.5,0.61,0.48,12.2,64,1,0.085,2.6
"404",10.5,0.63,0.6,11.4,41,0.9994,0.085,2.7
"405",9.1,0.61,0.69,7.7,27,0.9974,0.075,2.7
"406",10.1,0.76,0.31,8.7,25,0.9966,0.059,1.4
"407",10.8,0.65,0.44,9.8,28,0.9981,0.063,2.5
"408",10.8,0.63,0.39,12,30,0.9996,0.093,3
"409",11.3,0.7,0.34,10.4,16,0.997,0.174,3.7
"410",9.6,0.57,0.46,12.5,49,0.9981,0.07,4.5
"411",9.5,0.62,0.43,9,86,0.9987,0.08,2.5
"412",9.5,0.62,0.45,9.1,78,0.9987,0.08,2.4
"413",9.3,0.64,0.735,7.1,77,0.9966,0.1,1.9
"414",11.7,0.82,0.4,9.9,19,0.9986,0.097,6.7
"415",9.5,0.61,0.52,8.8,122,0.9982,0.087,2.7
"416",9.3,1.07,0.725,8.6,134,1.0014,0.117,6.6
"417",11.7,0.66,0.48,10.6,20,0.997,0.111,2.2
"418",10.5,0.48,0.58,7,124,0.9956,0.091,1.9
"419",10.4,0.76,0.38,11.9,20,0.9996,0.121,2
"420",9.9,0.68,0.77,6.8,52,0.9976,0.066,1.8
"421",11.8,0.73,0.56,9.5,67,0.9972,0.089,2.4
"422",12.3,0.56,0.84,6.6,48,0.9952,0.059,2.3
"423",10.9,0.44,0.96,7.7,60,0.9955,0.047,2
"424",11,0.9,0.24,10.5,24,0.9978,0.066,2.1
"425",10.9,0.44,0.96,7.7,60,0.9955,0.047,2
"426",12.3,0.56,0.84,6.6,48,0.9952,0.059,2.3
"427",11.4,0.49,0.67,6.4,48,0.9949,0.045,2.1
"428",10.6,0.56,0.78,9.5,32,0.9988,0.077,1.9
"429",9.3,0.6,0.52,9.1,30,0.9978,0.07,1.3
"430",10.4,0.6,0.84,12.8,35,0.9997,0.088,2.4
"431",11,0.9,0.24,10.5,24,0.9978,0.066,2.1
"432",9.2,0.56,0.55,7.8,66,0.9974,0.074,2.2
"433",12.8,0.65,0.37,11.9,24,0.9958,0.078,2.3
"434",9.5,0.49,0.39,12.3,18,1.0004,0.091,2.3
"435",9.9,0.89,0.41,10.4,54,0.9996,0.076,3.2
"436",9.5,0.49,0.39,12.3,18,1.0004,0.091,2.3
"437",10.2,0.56,0.67,8,62,0.9958,0.06,2
"438",11.2,0.66,0.45,11.1,22,0.9986,0.066,3.2
"439",9.9,0.89,0.41,10.4,54,0.9996,0.076,3.2
"440",9.3,0.6,0.62,7,50,0.9951,0.062,1.5
"441",9.8,0.82,0.31,12.6,29,0.9987,0.072,2.2
"442",11.3,0.68,0.4,11.9,27,0.9988,0.068,2.15
"443",11.2,0.68,0.685,15.6,43,1.0032,0.1,3.7
"444",11.6,0.63,0.44,10,19,0.9963,0.077,2.7
"445",12.5,0.84,0.57,5.3,27,0.9934,0.054,1.7
"446",10.1,0.56,0.735,9.5,31,0.9986,0.079,2.1
"447",10.5,0.73,0.38,12.5,72,0.9996,0.081,2.6
"448",11.2,0.72,0.48,9.3,16,0.9968,0.127,2.1
"449",10.2,0.56,0.53,8.6,27,0.9967,0.1,2
"450",10.8,0.61,0.39,11.9,35,0.9994,0.095,2.8
"451",10.8,0.61,0.39,11.9,35,0.9994,0.095,2.8
"452",9.1,1.06,0.37,8.4,26,0.9979,0.413,1.8
"453",10,0.63,0.56,6.8,35,0.9968,0.084,1.7
"454",11.2,0.74,0.33,10.4,22,0.9998,0.084,2.8
"455",11.1,0.63,0.23,7,67,0.9952,0.063,1.6
"456",13.4,0.69,0.62,11.3,19,0.9988,0.086,5.2
"457",10.3,0.58,0.59,8.9,22,0.9986,0.095,2.3
"458",9.6,0.58,0.63,9.2,65,0.9988,0.097,2.7
"459",11.2,0.74,0.33,10.4,22,0.9998,0.084,2.8
"460",9,0.57,0.58,11.6,47,1.0008,0.074,2.2
"461",11.3,0.61,0.43,9.2,23,0.9976,0.083,2.3
"462",9.3,0.61,0.615,8.3,19,0.9982,0.087,2.6
"463",11.8,0.61,0.26,11,25,0.997,0.085,2.55
"464",9,0.53,0.66,8.1,129,0.9972,0.098,2.2
"465",9.2,0.7,0.315,11.5,15,0.9987,0.084,2.1
"466",9.7,0.91,0.29,10,26,1.0006,0.098,2.9
"467",11.5,0.72,0.5,10.3,51,0.9982,0.069,2
"468",14,0.79,0.46,8.8,18,0.9947,0.065,2.6
"469",9.2,0.62,0.36,11.4,21,1,0.09,2.1
"470",9.8,0.58,0.82,8.7,48,0.9952,0.07,1.2
"471",10.6,0.61,0.32,13,47,0.9996,0.093,2.6
"472",11.4,0.71,0.54,9.6,52,0.997,0.081,2.4
"473",10.4,0.82,0.37,12.5,68,0.9995,0.083,2.6
"474",10.6,0.79,0.35,9.9,14,0.9971,0.062,2.1
"475",9.4,0.89,0.28,10.5,24,0.9982,0.08,1.7
"476",10.2,0.6,0.68,9.6,28,0.9988,0.087,2.2
"477",9.7,0.7,0.27,9.3,16,0.998,0.091,2
"478",11,1.06,0.24,10.4,20,0.9977,0.075,1.8
"479",10.2,0.6,0.68,9.6,28,0.9988,0.087,2.2
"480",10.1,0.7,0.685,9.4,31,0.9984,0.077,2.7
"481",9.2,0.66,0.28,10.6,23,1.0026,0.069,15.5
"482",11.7,0.92,0.3,9.4,17,0.9964,0.08,2.8
"483",9.4,1.05,0.36,10.6,18,0.9986,0.152,2.2
"484",9.4,1.06,0.36,10.6,18,0.9986,0.152,2.2
"485",13.4,0.66,0.44,10.6,24,0.997,0.114,4.1
"486",10,0.47,0.67,10.2,17,0.9976,0.054,1.9
"487",10,0.47,0.67,10.2,17,0.9976,0.054,1.9
"488",10,0.42,0.645,10.2,14,0.9982,0.053,1.8
"489",10.8,0.92,0.32,11.6,67,1.0002,0.081,2.8
"490",10.2,0.75,0.39,9.3,26,0.9984,0.073,2.6
"491",10.6,0.67,0.775,9.3,56,0.9984,0.078,2.8
"492",13.3,0.79,0.41,9.2,25,0.9952,0.055,2.5
"493",13.4,0.9,0.4,8.9,27,0.995,0.052,2.6
"494",11.6,0.74,0.69,8.7,81,1.0002,0.086,3
"495",12.1,0.55,0.39,6.5,91,0.9952,0.051,8.3
"496",11,0.65,0.35,10.7,16,0.9972,0.07,2.6
"497",9,0.65,0.52,7.8,38,0.9984,0.081,1.9
"498",11.1,0.79,0.34,7.2,113,0.9966,0.09,2.5
"499",11,0.65,0.35,10.7,16,0.9972,0.07,2.6
"500",11.6,0.74,0.69,8.7,81,1.0002,0.086,3
"501",9,0.65,0.52,7.8,38,0.9984,0.081,1.9
"502",12,0.85,0.44,10.4,76,0.999,0.074,6.55
"503",12,0.85,0.44,10.4,76,0.999,0.074,6.55
"504",10.9,1.04,0.26,10.5,24,0.9976,0.078,1.9
"505",10.8,1.05,0.24,10.5,22,0.9976,0.077,1.8
"506",12.5,0.78,0.49,10.2,26,0.9968,0.072,2.9
"507",10.8,1.02,0.24,10.4,21,0.9976,0.075,1.8
"508",9.5,0.71,0.67,11.2,13,1,0.084,2.3
"509",10.2,0.63,0.59,10,62,0.9994,0.09,2.2
"510",11.4,0.68,0.29,13.3,43,0.9986,0.084,2.8
"511",9.5,0.61,0.42,12.4,43,0.9978,0.073,4.6
"512",10.2,0.63,0.59,10,62,0.9994,0.09,2.2
"513",9.7,0.81,0.4,10.7,49,0.998,0.125,2.1
"514",11.8,0.66,0.51,10.5,15,0.9973,0.107,2.4
"515",11.8,0.66,0.51,10.5,15,0.9973,0.107,2.4
"516",9.3,1.14,0.655,8.5,151,1.001,0.122,6.1
"517",11.9,0.74,0.6,12.5,14,1.001,0.1,4.3
"518",8.4,0.63,0.61,10.4,16,0.9994,0.2,2.1
"519",11.7,0.68,0.21,10.9,32,0.9972,0.088,2.8
"520",11,0.78,0.365,7.3,106,0.9966,0.088,2.5
"521",10,0.9,0.25,9.8,33,0.9982,0.088,2.7
"522",9.1,0.64,0.41,7.6,43,0.998,0.088,2
"523",9.8,0.99,0.39,8.2,133,0.9979,0.099,2.3
"524",9.4,0.55,0.4,9.3,142,0.9978,0.085,2.5
"525",9.5,0.64,0.43,9.2,116,0.9976,0.086,2.4
"526",9.9,0.67,0.64,10.4,53,0.9998,0.105,2.8
"527",11,0.78,0.365,7.3,106,0.9966,0.088,2.5
"528",11.4,0.77,0.38,7,85,0.9962,0.097,2.5
"529",8.7,0.75,0.42,8.2,55,0.9988,0.084,2.6
"530",9.4,0.57,0.63,9.9,33,0.9974,0.077,2.4
"531",10.3,0.87,0.22,9.1,28,0.999,0.078,2.1
"532",10.3,0.61,0.38,11.9,42,1.0004,0.098,2.7
"533",10.3,0.61,0.38,11.9,42,1.0004,0.098,2.7
"534",12.8,0.66,0.27,10.3,33,0.9956,0.072,2.1
"535",10,0.56,0.48,10,32,1,0.102,2.7
"536",10.3,0.87,0.22,9.1,28,0.999,0.078,2.1
"537",9.4,0.57,0.63,9.9,33,0.9974,0.077,2.4
"538",10.7,0.77,0.825,8.1,13,0.9972,0.084,2.1
"539",12,0.66,0.35,12.9,35,1.0014,0.066,5.8
"540",11.2,0.62,0.5,11.2,17,0.9996,0.1,5.15
"541",9.6,0.67,0.59,9.2,47,0.9988,0.101,3.3
"542",11,0.73,0.46,9.5,17,0.9988,0.064,6.3
"543",9.9,0.59,0.715,9.3,20,0.9966,0.07,2.1
"544",11,0.72,0.66,11.2,53,0.9993,0.085,2.5
"545",8.4,0.79,0.31,14.3,15,1.0008,0.075,1.8
"546",9.1,0.59,0.47,9.1,106,0.9982,0.094,2.6
"547",9.5,0.78,0.55,7.5,28,0.9983,0.078,2
"548",10.7,0.86,0.31,10.6,21,0.9987,0.067,2.5
"549",10.4,0.75,0.35,12.4,69,0.9994,0.079,2.6
"550",9.4,0.61,0.53,9,25,0.9975,0.171,1.9
"551",9.5,0.56,0.51,6.8,25,0.9958,0.074,2.1
"552",10,0.73,0.43,9.4,45,0.998,0.092,2.8
"553",10,0.74,0.46,9.5,44,0.998,0.092,2.7
"554",11.5,0.62,1.04,5,96,0.9934,0.05,1.6
"555",11.1,0.74,0.645,15.5,23,1.00315,0.095,4.2
"556",11.1,0.74,0.645,15.5,23,1.00315,0.095,4.2
"557",11.7,0.56,0.53,10.9,17,1.0002,0.118,4.6
"558",11.1,0.74,0.645,15.6,23,1.00315,0.095,4.2
"559",11.7,0.56,0.53,10.9,17,1.0002,0.118,4.6
"560",12.7,0.68,0.47,13,47,1.0021,0.085,4.3
"561",11.4,0.57,0.6,12.7,19,0.9994,0.075,2.8
"562",9.2,0.58,0.44,9,121,0.9978,0.078,2.4
"563",9.2,0.61,0.54,9,110,0.9982,0.094,2.9
"564",10.1,0.61,0.29,7.6,60,0.9971,0.092,2.7
"565",12.7,0.68,0.47,13,47,1.0021,0.085,4.3
"566",11.4,0.57,0.6,12.7,19,0.9994,0.075,2.8
"567",9,0.6,0.7,8.7,15,0.9991,0.226,2.5
"568",9,0.6,0.7,8.7,15,0.9991,0.226,2.5
"569",10.7,0.79,0.5,9.8,20,0.999,0.25,2.6
"570",11.7,0.57,0.36,6.2,42,0.9946,0.095,2.2
"571",11,0.91,0.35,11.5,37,1.0003,0.07,3.3
"572",11.7,0.57,0.36,6.2,42,0.9946,0.095,2.2
"573",10.4,0.61,0.24,10.2,28,0.9978,0.075,2.4
"574",9.6,0.56,0.59,10.5,47,0.9991,0.07,2.1
"575",10,0.7,0.34,10.6,78,0.9992,0.078,3.2
"576",10.2,0.8,0.27,12.3,46,0.9993,0.079,3.1
"577",10,0.52,0.5,9.9,14,0.9978,0.103,2.3
"578",9.5,0.6,0.44,8.8,111,0.9982,0.083,2.8
"579",9.8,0.6,0.47,8.8,110,0.9982,0.085,2.9
"580",9.8,0.51,0.31,10.6,40,0.9976,0.063,2.2
"581",9.6,0.44,0.5,12.3,14,1.0002,0.089,2.2
"582",9.6,0.44,0.5,12.3,14,1.0002,0.089,2.2
"583",9.2,0.43,0.49,11.7,15,1,0.083,2.2
"584",9.9,0.66,0.28,12,21,0.9976,0.074,1.9
"585",10.7,0.76,0.33,11.8,80,1.0002,0.093,3.4
"586",9.6,0.66,0.51,7.6,38,0.998,0.091,2.4
"587",10.6,1.02,0.31,11.1,47,0.9986,0.094,2.7
"588",9.3,0.59,0.73,7.3,102,0.9967,0.108,1.9
"589",14,0.74,0.42,5,50,0.9917,0.06,2
"590",10.5,0.74,0.29,10.2,13,0.9976,0.059,2.6
"591",9.7,0.57,0.45,9,75,0.9987,0.084,2.6
"592",11.5,0.5,0.39,6.6,149,0.9922,0.07,1.7
"593",9.7,0.57,0.45,9,75,0.9987,0.084,2.6
"594",9,0.58,0.49,9.9,43,1.0004,0.094,3.5
"595",9.5,0.53,0.72,7.9,38,0.9978,0.096,2.6
"596",9.3,0.57,0.595,8.9,109,0.9998,0.086,7.9
"597",9.3,0.6,0.4,12.4,24,0.9994,0.059,2
"598",10,0.63,0.58,11.9,18,0.998,0.071,1.9
"599",9.8,0.48,0.585,8.5,30,0.9967,0.078,2.1
"600",9.3,0.7,0.59,12.7,22,1,0.082,2.3
"601",10,0.47,0.915,8.2,23,0.9962,0.088,2.1
"602",9,0.56,0.46,13.2,35,1.0006,0.071,2.2
"603",9.3,0.52,0.835,7.7,14,0.9975,0.081,2.6
"604",9,0.56,0.46,13.2,35,1.0006,0.071,2.2
"605",9.1,0.62,0.58,8.3,63,0.9984,0.096,2.9
"606",9.2,0.59,0.6,8.3,24,0.9984,0.085,2.6
"607",12.2,0.79,0.41,9.4,20,0.9973,0.072,4.6
"608",10.5,0.53,0.48,8.8,52,0.9982,0.092,3.3
"609",10.4,0.64,0.65,10.1,65,1.0026,0.11,5.1
"610",12.7,0.52,0.36,6.3,39,0.9956,0.075,3.2
"611",9.2,0.54,0.24,8.8,57,0.9983,0.083,2.5
"612",9.4,0.54,0.38,13.2,16,1.0006,0.081,2.7
"613",10,0.6,0.64,7.5,29,0.9965,0.077,2.4
"614",9.8,0.74,0.39,8.2,29,0.9962,0.058,1.5
"615",10.2,1.36,0.755,9.2,103,0.9969,0.148,2.2
"616",9.7,0.57,0.6,9.6,71,0.9997,0.079,2.3
"617",9.7,0.57,0.6,9.6,71,0.9997,0.079,2.3
"618",9.8,0.93,0.31,11.5,28,0.9982,0.079,2.2
"619",10.2,0.7,0.46,11.4,17,1.0006,0.122,2.7
"620",9.3,0.8,0.37,11.3,16,0.9988,0.088,2.3
"621",9.4,0.61,0.54,8.3,112,0.9976,0.076,3.4
"622",9.4,0.62,0.56,8.2,104,0.9976,0.078,3.4
"623",9.5,0.55,0.58,10,32,0.9974,0.08,1.9
"624",12.1,0.96,0.51,7.9,45,0.9974,0.077,2.9
"625",10.2,0.72,0.69,6.8,58,0.9997,0.124,5.6
"626",10.2,0.72,0.69,6.8,58,0.9997,0.124,5.6
"627",9.1,0.49,0.6,8.8,15,0.9988,0.098,2.2
"628",9.1,0.49,0.6,8.8,15,0.9988,0.098,2.2
"629",9.3,0.6,0.54,8.7,31,0.9976,0.097,2.5
"630",9.3,0.61,0.685,7.6,84,0.9964,0.111,2.3
"631",9.3,0.6,0.54,8.7,31,0.9976,0.097,2.5
"632",9.5,0.63,0.28,10.4,19,0.9988,0.105,2.7
"633",10.5,0.57,0.41,7.6,43,0.9964,0.087,3
"634",11.3,0.64,0.935,10.1,86,1.001,0.105,3.4
"635",9.5,0.58,0.35,7.9,102,0.9964,0.073,1.9
"636",9.7,0.55,0.84,8.7,33,0.9954,0.065,1.4
"637",9.4,0.53,0.88,9.6,147,0.9979,0.086,2.4
"638",9.4,0.53,0.885,9.5,145,0.9978,0.084,2.3
"639",10.2,0.65,0.915,7.7,23,0.9964,0.143,2.2
"640",10.3,1.36,0.29,8.9,57,0.997,0.067,1.9
"641",9.4,0.62,0.54,9.9,40,0.9991,0.071,2.3
"642",9.5,0.63,0.59,9.5,68,0.9992,0.071,2.3
"643",9.4,0.62,0.54,9.9,40,0.9991,0.071,2.3
"644",9.5,0.63,0.59,9.5,68,0.9992,0.071,2.3
"645",9.4,0.62,0.54,9.9,40,0.9991,0.071,2.3
"646",10.1,0.69,0.64,7.8,11,0.9984,0.115,6
"647",10.1,0.63,0.67,7.3,20,0.9972,0.107,3.6
"648",11,0.58,0.845,8.3,14,0.9967,0.07,2.2
"649",11.2,0.67,0.48,8.7,28,0.9964,0.066,2.8
"650",11.3,0.57,0.42,6.7,148,0.9948,0.068,8.6
"651",9.6,0.5,0.43,10.7,32,0.9986,0.106,2.2
"652",11.2,0.67,0.88,9.8,155,1.001,0.104,2.5
"653",14.9,0.84,0.36,15.9,71,0.9976,0.096,7.5
"654",12,0.54,0.33,9.4,30,0.9976,0.079,2.8
"655",9.5,0.46,0.47,8.6,29,0.9979,0.074,2.4
"656",9.4,0.61,0.55,9.7,53,1.0004,0.087,2.9
"657",9.6,0.5,0.43,10.7,32,0.9986,0.106,2.2
"658",10.5,0.68,0.5,12,42,0.998,0.073,1.4
"659",9.6,0.81,0.52,7.2,20,0.9973,0.074,1.4
"660",11,0.57,0.84,7.1,13,0.997,0.096,4.4
"661",9.6,0.81,0.52,7.2,20,0.9973,0.074,1.4
"662",9,0.64,0.42,7.5,42,0.9978,0.08,1.6
"663",9.6,0.7,0.57,7.2,27,0.9972,0.076,1.6
"664",10.2,0.79,0.28,10.1,13,0.9974,0.05,1.8
"665",10.2,0.66,0.4,12.1,54,1,0.092,2
"666",9.7,0.56,0.59,9.4,48,0.9981,0.084,2
"667",9.5,0.6,0.49,8.3,16,0.998,0.222,1.8
"668",9.2,0.66,0.34,11.3,15,0.9988,0.082,2
"669",11,0.57,0.73,10,31,0.9966,0.059,2.3
"670",9.2,0.66,0.34,11.3,15,0.9988,0.082,2
"671",10,0.58,0.4,6.9,45,0.9959,0.083,2.5
"672",9.5,0.52,0.73,8.2,13,0.9968,0.074,1.7
"673",9.5,0.53,1.24,9.8,151,0.998,0.079,2
"674",9.5,0.52,0.73,8.2,13,0.9968,0.074,1.7
"675",9.3,0.67,0.4,10.8,17,0.9984,0.084,2.2
"676",10.2,0.65,0.41,9.3,31,0.9984,0.064,2.2
"677",9.3,0.67,0.4,10.8,17,0.9984,0.084,2.2
"678",9.9,0.48,0.8,8.6,31,0.9979,0.084,2.3
"679",10,0.53,0.78,8.3,87,0.9983,0.081,2.6
"680",9.6,0.54,0.26,10.8,49,0.9972,0.06,3.3
"681",9,0.49,0.43,13.3,40,1.0004,0.07,1.9
"682",10.2,0.49,0.45,8,29,0.9962,0.094,2.2
"683",9.8,0.54,0.46,8.5,58,0.998,0.078,2.25
"684",11.3,0.56,0.78,8.1,15,0.997,0.059,2.6
"685",9.4,0.48,0.98,9.8,152,0.998,0.078,2.3
"686",11.3,0.56,0.78,8.1,15,0.997,0.059,2.6
"687",9.1,0.6,0.65,7.1,40,0.997,0.07,1.8
"688",9.7,0.59,0.64,9.1,38,0.9998,0.095,3.1
"689",9.4,0.47,0.66,7.7,9,0.9962,0.039,1.6
"690",9.4,1.05,0.38,8.1,17,0.9976,0.157,1.8
"691",10.7,0.54,1.185,7.4,14,0.9966,0.097,4.25
"692",9.8,0.54,0.92,9.2,93,0.9998,0.087,2.6
"693",9,1.17,0.49,8.6,62,0.9979,0.422,2
"694",9.4,0.62,0.48,9,122,0.9984,0.084,2.8
"695",9.4,0.61,0.47,9,125,0.9984,0.084,2.7
"696",12.8,0.62,0.47,5.1,44,0.9921,0.034,1.3
"697",9.5,0.67,0.65,7,25,0.9972,0.066,2.1
"698",9.5,0.67,0.65,7,25,0.9972,0.066,2.1
"699",9.7,0.53,0.615,9.4,72,1.0001,0.087,3.2
"700",10.8,0.62,0.38,11.8,19,0.9986,0.071,2.1
"701",10.1,0.57,1.02,10.6,88,0.9984,0.076,2.9
"702",9.5,0.67,0.65,7,25,0.9972,0.066,2.1
"703",9.4,0.67,0.64,7,23,0.997,0.067,2.1
"704",9.6,0.7,0.38,7.5,84,0.9972,0.073,2.6
"705",9.7,0.54,0.765,9.1,14,0.998,0.078,1.6
"706",9.9,0.49,1.035,8.4,54,0.999,0.073,6
"707",10,0.47,0.78,7,19,0.9956,0.093,2
"708",10.5,0.51,0.49,7.4,37,0.9966,0.077,3
"709",11.6,0.61,0.545,7.8,35,0.996,0.068,2.5
"710",10,0.66,0.31,9.7,33,0.9983,0.062,1.6
"711",10.1,0.57,1.025,10.6,84,0.9985,0.08,2.8
"712",9.5,0.61,0.565,8.9,112,0.9998,0.093,3
"713",9.4,0.45,0.69,8.7,33,0.9992,0.084,3.2
"714",9.4,0.46,0.43,8,48,0.9976,0.075,2.3
"715",9.8,0.51,0.74,9.9,77,0.998,0.078,2.6
"716",9.2,0.48,0.49,7.2,34,0.9967,0.069,2.7
"717",9.4,0.46,0.43,8,48,0.9976,0.075,2.3
"718",10,0.57,0.46,7.6,49,0.9968,0.079,2.6
"719",9.6,0.44,0.56,8.4,22,0.9976,0.082,2
"720",9.5,0.54,0.66,7.1,45,0.9976,0.086,3.9
"721",9.6,0.44,0.56,8.4,22,0.9976,0.082,2
"722",9.2,0.53,0.48,8.9,106,0.9982,0.094,2.85
"723",10,0.59,0.42,7.6,48,0.9968,0.084,2.7
"724",9.5,1.62,0.31,7.1,127,0.9965,0.053,2.2
"725",11.2,0.6,1.115,7.5,12,0.9958,0.086,3.1
"726",10.4,0.55,0.66,9,13,0.9976,0.077,3
"727",11.1,0.72,0.72,8.1,49,0.9994,0.084,2.8
"728",9.5,0.68,0.57,6.4,11,0.997,0.067,1.8
"729",9.5,0.68,0.57,6.4,11,0.997,0.067,1.8
"730",12.7,0.49,0.865,6.4,58,0.995,0.071,3.2
"731",9.6,0.67,0.55,9.5,37,0.9982,0.387,2.3
"732",11.5,0.52,0.875,8.9,14,0.9994,0.088,3.45
"733",9.6,0.47,0.835,7.3,19,0.9966,0.092,2.1
"734",9.5,0.6,0.45,7,72,0.998,0.082,2.7
"735",9.3,0.62,0.56,7.7,39,0.9987,0.075,2
"736",9.5,0.5,0.965,7.7,22,0.9963,0.112,2.1
"737",9.5,0.5,0.965,7.7,22,0.9963,0.112,2.1
"738",9.3,0.65,0.59,8.2,58,1.0002,0.093,2.5
"739",9.2,0.56,0.46,9,104,0.9983,0.092,2.8
"740",9.3,0.6,0.69,9,38,0.999,0.088,2.4
"741",11.5,0.68,0.76,8.3,16,0.9965,0.075,4.2
"742",9.5,0.57,0.53,9.2,139,0.99788,0.078,2.6
"743",9.2,0.65,0.615,6.5,18,0.9972,0.065,1.9
"744",10,0.53,0.41,11.6,101,1.00024,0.096,2.8
"745",9.5,0.51,0.39,11.1,101,1.0001,0.095,2.7
"746",9.5,0.73,0.51,7.3,28,0.99768,0.07,2.1
"747",9,0.47,0.34,8.2,57,0.9978,0.08,2.5
"748",9.4,0.48,0.33,8.6,68,0.99782,0.083,2.6
"749",9.6,0.72,0.5,7.2,31,0.99761,0.071,2.1
"750",9.5,0.73,0.51,7.3,28,0.99768,0.07,2.1
"751",9.5,0.55,0.65,8.3,40,0.99803,0.089,2.9
"752",9.5,0.55,0.65,8.3,40,0.99803,0.089,2.9
"753",9.4,0.61,0.54,7.6,66,0.99785,0.097,2.5
"754",9.5,0.55,0.65,8.3,40,0.99803,0.089,2.9
"755",9.1,1.06,0.48,7.8,32,0.99656,0.415,1.7
"756",10.7,0.43,0.91,7.8,47,0.99525,0.058,1.9
"757",11.2,0.46,0.98,6.3,33,0.99488,0.057,2
"758",9.8,0.5,0.87,8.1,31,0.99656,0.084,2.2
"759",9.8,0.5,0.87,8.1,31,0.99656,0.084,2.2
"760",9.2,0.52,0.42,8.8,88,0.99823,0.092,2.5
"761",9.7,0.57,0.58,9,104,0.99779,0.075,2.8
"762",9.6,0.42,0.655,9.3,35,0.99738,0.096,2
"763",10,0.53,0.7,8.8,19,0.99701,0.069,1.7
"764",9.6,0.42,0.655,9.3,35,0.99738,0.096,2
"765",9.5,0.55,0.68,9.1,44,0.99888,0.093,2.8
"766",9.5,0.54,0.67,9.2,48,0.99888,0.091,3
"767",9.4,0.54,0.59,8.8,74,0.99738,0.089,2.9
"768",9.5,0.62,0.6,7.5,98,0.99938,0.103,2.7
"769",9.7,0.53,0.59,7.1,94,0.99744,0.082,2.3
"770",9.6,0.54,0.72,7.9,32,0.99668,0.076,1.9
"771",9.7,0.53,0.59,7.1,94,0.99744,0.082,2.3
"772",9.4,0.55,0.685,9.4,143,0.9978,0.082,2.4
"773",9.4,0.55,0.57,9.5,144,0.99782,0.082,2.3
"774",9.5,0.92,0.4,7.9,44,0.9973,0.157,1.8
"775",9.5,0.91,0.4,7.9,45,0.99727,0.157,1.8
"776",10,0.46,1,7.2,16,0.99586,0.102,3
"777",10.3,0.6,0.765,6.9,48,0.99612,0.243,2.4
"778",10.3,0.59,0.635,6.9,18,0.9961,0.241,2.4
"779",10.5,0.61,0.43,8.3,34,0.99788,0.079,3.4
"780",9.8,0.6,0.52,7.1,92,0.99745,0.076,2.6
"781",9.4,0.6,0.57,7,45,0.99676,0.19,2
"782",9.8,0.65,0.46,6.5,37,0.99732,0.114,2.4
"783",10,0.53,0.82,9,96,0.99814,0.081,2.4
"784",9.8,0.65,0.46,6.5,37,0.99732,0.114,2.4
"785",9.8,0.59,0.59,7.1,85,0.99746,0.077,2.5
"786",9.5,0.5,0.35,9.9,61,0.9982,0.083,2.3
"787",9.5,0.5,0.35,9.9,61,0.9982,0.083,2.3
"788",10.1,0.56,0.56,10,58,0.9991,0.079,2.2
"789",10.1,0.56,0.56,10,58,0.9991,0.079,2.2
"790",9.3,0.52,0.63,8.6,119,0.998,0.099,2.9
"791",9.7,0.68,0.37,7.4,82,0.99708,0.082,2.6
"792",9.6,0.54,0.64,8.8,130,0.99818,0.084,2.9
"793",9.7,0.6,0.61,7.1,87,0.99745,0.081,2.5
"794",10.8,0.56,0.6,7.7,13,0.99639,0.055,2.6
"795",12.5,0.53,0.27,10.1,26,0.99531,0.065,2.3
"796",10.2,1.18,0.89,10.8,60,0.99786,0.132,2.6
"797",9.6,0.74,0.46,8.7,64,0.99746,0.126,2.5
"798",10.8,0.81,0.37,9.3,42,0.99526,0.038,1.6
"799",10.7,0.52,0.5,9.4,14,0.9987,0.082,3.6
"800",10.7,0.52,0.5,9.4,14,0.9987,0.082,3.6
"801",9.4,0.51,0.61,7.2,108,0.99641,0.082,4
"802",10,0.44,0.55,8.6,17,0.99735,0.068,3.3
"803",12.9,0.94,0.585,5.1,86,0.99264,0.044,1.7
"804",9.6,0.66,0.56,7.7,46,0.9971,0.114,2.5
"805",9.9,0.57,0.52,8.4,18,0.99682,0.084,2.7
"806",12.8,0.7,0.28,8.2,10,0.99356,0.052,2.4
"807",12.5,0.71,0.25,8.4,10,0.99386,0.041,2
"808",12.8,0.7,0.28,8.2,10,0.99356,0.052,2.4
"809",9.2,0.86,0.53,7.4,12,0.99702,0.165,1.9
"810",10.3,0.55,0.48,7.6,15,0.99693,0.07,2.8
"811",10.5,0.47,0.49,7.3,14,0.99562,0.068,2.6
"812",10.9,0.68,0.5,12.9,24,1.00012,0.072,2.8
"813",10.8,0.71,0.45,10.8,38,0.99818,0.099,2.5
"814",11.4,0.58,0.39,6.9,7,0.99462,0.102,2.1
"815",11.3,0.76,0.41,12.6,41,0.99939,0.103,2.8
"816",10.8,0.71,0.45,10.8,38,0.99818,0.099,2.5
"817",10.5,0.58,0.51,9.8,30,0.9984,0.081,3.2
"818",11.9,0.73,0.29,10.8,27,0.99545,0.084,1.6
"819",9.4,0.45,0.715,7.1,47,0.99632,0.071,2.35
"820",9.6,0.54,0.66,9.1,59,0.99976,0.097,3.2
"821",9.7,0.6,0.685,7,22,0.99606,0.099,1.9
"822",14,0.74,0.42,4.9,42,0.99154,0.048,2.1
"823",9.8,0.64,0.54,6.7,36,0.9973,0.076,2
"824",9.8,0.64,0.54,6.7,36,0.9973,0.076,2
"825",10.3,0.53,0.48,7.1,16,0.99682,0.068,2.8
"826",10.7,0.49,0.46,7.1,37,0.99624,0.076,2.8
"827",11,0.64,0.27,7.5,8,0.9951,0.05,2.3
"828",10.7,0.49,0.46,7.1,37,0.99624,0.076,2.8
"829",12.7,0.74,0.57,7.8,45,0.99417,0.065,2.3
"830",11.1,0.77,0.61,5.9,24,0.99376,0.071,2.1
"831",10.9,0.55,0.685,7.5,9,0.99632,0.058,2.5
"832",11.1,0.77,0.61,5.9,24,0.99376,0.071,2.1
"833",9.9,0.86,0.44,10.4,48,0.99832,0.145,1.5
"834",9.9,0.86,0.47,11.6,51,0.99836,0.147,1.6
"835",9.4,0.47,0.685,8.8,23,0.99694,0.088,1.6
"836",9.3,0.51,0.665,7.6,55,0.99655,0.066,1.5
"837",11.7,0.39,0.28,6.7,100,0.99064,0.012,2.4
"838",11.7,0.39,0.28,6.7,100,0.99064,0.012,2.4
"839",11.2,0.83,0.31,10.1,28,0.99672,0.075,1.6
"840",10,0.47,0.5,6,26,0.99647,0.092,2.2
"841",12.1,0.77,0.42,11.1,34,0.99736,0.085,2.65
"842",10.3,0.63,0.66,6.6,31,0.99629,0.115,3
"843",10.9,0.72,0.5,10.6,68,0.99708,0.119,2.6
"844",9.4,0.62,0.685,7.1,92,0.9963,0.088,2
"845",10.6,0.83,0.25,9.9,42,0.9959,0.062,1.7
"846",9.8,0.66,0.64,6.4,31,0.99689,0.081,1.8
"847",9.8,0.66,0.64,6.4,31,0.99689,0.081,1.8
"848",9.9,0.7,0.68,7.4,39,0.9977,0.078,1.8
"849",9.8,0.66,0.64,6.4,31,0.99689,0.081,1.8
"850",9.8,0.66,0.63,6.4,32,0.99689,0.08,1.6
"851",9.5,0.55,0.43,9.3,22,0.99708,0.085,1.9
"852",9.5,0.55,0.43,9.3,22,0.99708,0.085,1.9
"853",9.7,1.07,0.42,8,122,0.99801,0.08,2.5
"854",10.9,0.73,0.36,9.3,55,0.99652,0.08,1.5
"855",10.9,0.73,0.36,9.3,55,0.99652,0.08,1.5
"856",11.7,0.71,0.735,7.6,14,0.99538,0.071,2.5
"857",10.9,0.73,0.36,9.3,55,0.99652,0.08,1.5
"858",11.3,0.78,0.26,8.2,47,0.99594,0.073,2.5
"859",10.6,0.67,0.28,11.7,32,0.99686,0.054,1.7
"860",11.2,0.82,0.56,6.8,24,0.99438,0.074,1.8
"861",9.5,0.54,0.62,7.2,85,0.99746,0.077,2.7
"862",11.5,0.6,1.01,5.8,88,0.99357,0.039,2
"863",10.4,0.44,0.42,7.5,25,0.99628,0.067,2.7
"864",9.7,0.53,0.62,7.2,84,0.99746,0.078,2.5
"865",9.5,0.54,0.62,7.2,85,0.99746,0.077,2.7
"866",9.7,0.54,0.635,7.2,86,0.99748,0.077,2.6
"867",11.3,0.83,0.49,6.8,24,0.99438,0.071,2.3
"868",11.2,0.84,0.51,6.9,22,0.99438,0.072,2
"869",11.2,0.82,0.56,6.8,24,0.99438,0.074,1.8
"870",10.9,0.64,0.63,7.6,43,0.99578,0.08,2
"871",11.8,0.57,0.715,7.7,43,0.99371,0.064,2.1
"872",10.6,0.57,0.56,6.9,46,0.99522,0.086,1.5
"873",10,0.54,0.35,7.3,48,0.99576,0.067,2
"874",11.1,0.58,0.21,9.1,10,0.99552,0.067,1.6
"875",11.8,0.65,0.38,10.4,10,0.99664,0.104,2.1
"876",11.8,0.79,0.31,8.8,16,0.99614,0.109,2.8
"877",10.9,0.58,0.47,7.1,14,0.99517,0.067,2.2
"878",11.8,0.57,0.715,7.7,43,0.99371,0.064,2.1
"879",10,0.5,0.61,8.8,69,0.99787,0.094,4
"880",9.5,0.55,0.6,7.2,88,0.99745,0.076,2.5
"881",9.9,0.49,0.56,9.2,21,0.99576,0.078,1.6
"882",11.4,0.65,0.715,7.6,35,0.99533,0.068,2.1
"883",12,0.78,0.31,8.4,26,0.99536,0.194,3.1
"884",9.5,0.55,0.6,7.2,88,0.99745,0.076,2.5
"885",10,0.5,0.61,8.8,69,0.99787,0.094,4
"886",10.5,0.64,0.75,8.9,30,0.99824,0.086,2.5
"887",10.4,0.65,0.8,9,28,0.99836,0.083,2.4
"888",12.1,0.79,0.52,10.7,56,0.99577,0.066,2.6
"889",11.2,0.56,0.57,6.8,64,0.99491,0.072,2.5
"890",9.3,0.68,0.9,10.7,99,1.00289,0.112,6.6
"891",10.1,0.58,0.34,7.2,52,0.99576,0.071,2
"892",9.7,0.57,0.66,7.2,86,0.99743,0.078,2.3
"893",9.3,0.65,0.45,10.1,18,0.99774,0.082,1.9
"894",9.7,0.57,0.66,7.2,86,0.99743,0.078,2.3
"895",9.8,0.58,0.63,7.2,88,0.99745,0.08,2.2
"896",10.7,0.58,0.59,7.1,43,0.9955,0.08,2.3
"897",12.5,0.77,0.31,8.3,43,0.99444,0.078,2.4
"898",10.7,0.58,0.59,7.1,43,0.9955,0.08,2.3
"899",12.5,0.77,0.31,8.3,43,0.99444,0.078,2.4
"900",11,0.49,1.02,8.3,11,0.99892,0.084,3.4
"901",11.8,0.69,0.31,8.9,39,0.99562,0.056,2.6
"902",10.8,0.69,0.635,7.4,33,0.99736,0.08,2.4
"903",10.8,0.69,0.635,7.4,33,0.99736,0.08,2.4
"904",10.8,0.59,0.59,6.8,18,0.9962,0.06,6
"905",10.8,0.59,0.59,6.8,18,0.9962,0.06,6
"906",9.5,0.59,0.58,9.2,115,0.998,0.081,3
"907",11,0.71,0.54,7.2,78,0.9964,0.084,2.6
"908",11.5,0.54,0.56,6.1,9,0.9948,0.079,2.2
"909",10.8,0.59,0.52,7.4,61,0.99528,0.078,2.4
"910",11.5,0.52,0.305,7.3,11,0.99331,0.059,1.2
"911",13.2,0.57,0.38,9.3,11,0.99577,0.132,3.8
"912",10.9,0.6,0.28,9.1,9,0.99901,0.114,9
"913",12.2,0.62,0.46,10,8,0.99674,0.065,2.9
"914",12.2,0.64,0.395,9.4,10,0.99639,0.094,4.6
"915",11.5,0.52,0.305,7.3,11,0.99331,0.059,1.2
"916",11.9,0.67,0.315,8.6,6,0.99512,0.079,2.2
"917",11,0.61,0.715,5.3,62,0.99395,0.161,1.5
"918",10.1,0.64,0.41,6.8,45,0.99824,0.084,8.8
"919",11,0.72,0.36,8.4,79,0.9964,0.081,2.2
"920",11.8,0.89,0.62,8.4,46,0.99504,0.072,1.8
"921",10.5,0.56,0.41,9.6,23,0.99786,0.091,2.3
"922",11,0.72,0.36,8.4,79,0.9964,0.081,2.2
"923",11.8,0.89,0.62,8.4,46,0.99504,0.072,1.8
"924",10.1,0.64,0.41,6.8,45,0.99824,0.084,8.8
"925",11.2,0.8,0.47,8.6,28,0.99516,0.055,2.3
"926",11,0.87,0.22,8.6,77,0.99604,0.064,1.9
"927",10.2,0.9,0.24,9.4,73,0.99786,0.061,2.3
"928",9.2,0.59,0.67,8.4,75,0.99736,0.093,2.2
"929",11.2,0.8,0.47,8.6,28,0.99516,0.055,2.3
"930",12,0.73,0.33,8.7,19,0.99468,0.063,3.3
"931",10.5,0.73,0.61,6.6,25,0.99746,0.08,1.9
"932",9.8,0.65,0.61,7.4,38,0.99748,0.074,2
"933",9.5,0.59,0.4,7.6,66,0.9971,0.078,1.9
"934",9.8,0.65,0.61,7.4,38,0.99748,0.074,2
"935",10.5,0.73,0.61,6.6,25,0.99746,0.08,1.9
"936",11.8,0.72,0.3,8.8,72,0.99543,0.06,2.3
"937",11.8,0.72,0.3,8.8,72,0.99543,0.06,2.3
"938",10.4,0.6,0.63,12,26,0.99791,0.071,1.4
"939",12.9,0.72,0.38,7.2,42,0.99356,0.068,2.8
"940",11.4,0.54,0.46,6.2,11,0.99425,0.073,1.6
"941",12.4,0.76,0.33,9.6,25,0.99509,0.074,2.2
"942",12.5,0.52,0.27,9.9,17,0.99484,0.082,5
"943",10,0.64,0.43,10.1,52,0.99834,0.092,2.6
"944",9.7,0.6,0.5,9.8,45,0.99864,0.094,2.3
"945",12.1,0.64,0.3,8.3,24,0.99498,0.09,3.8
"946",11.1,0.79,0.44,10.2,20,0.99566,0.071,2
"947",12,0.99,0.44,10.2,24,0.99745,0.092,4.1
"948",12.4,0.62,0.28,8.3,12,0.99408,0.093,2.1
"949",11.9,0.76,0.12,8.9,21,0.99552,0.075,1.8
"950",11.9,0.76,0.12,8.9,21,0.99552,0.075,1.8
"951",11.9,0.76,0.12,8.9,21,0.99552,0.075,1.8
"952",12.4,0.62,0.28,8.3,12,0.99408,0.093,2.1
"953",11.2,0.68,0.31,8.2,10,0.99536,0.058,2.2
"954",12.1,0.69,0.34,10.2,9,0.99458,0.052,2.1
"955",12.2,0.54,0.43,7.6,11,0.99538,0.082,2.7
"956",10.4,0.67,0.21,8.5,23,0.99648,0.09,1.9
"957",11.3,0.62,0.36,9,10,0.99568,0.111,2.1
"958",11.1,0.58,0.37,9.5,51,0.99613,0.088,2
"959",11.3,0.71,0.57,6.4,36,0.99519,0.12,2.3
"960",10,0.61,0.59,8,32,0.99735,0.089,2
"961",11.1,0.85,0.47,8.5,38,0.99518,0.058,1.9
"962",9.3,0.62,0.56,7.1,18,0.99592,0.078,1.6
"963",9.5,0.69,0.57,6.6,16,0.99654,0.115,2.1
"964",11.2,0.69,0.27,8.8,27,0.99546,0.1,2
"965",11.1,0.85,0.47,8.5,38,0.99518,0.058,1.9
"966",11,0.86,0.34,8.3,48,0.99554,0.065,2.4
"967",11.9,0.58,0.38,9,10,0.99604,0.103,2.4
"968",9.2,0.48,0.66,8.5,113,0.99733,0.097,2.1
"969",12.2,0.6,0.4,9,46,0.9943,0.068,2.4
"970",10.2,0.61,0.56,6.7,22,0.99669,0.079,2.9
"971",10.9,0.87,0.26,10.4,10,0.99724,0.066,1.9
"972",10.9,0.87,0.26,10.4,10,0.99724,0.066,1.9
"973",11.6,0.65,0.38,10.1,13,0.99643,0.104,2.4
"974",10.7,0.63,0.34,8.5,12,0.99605,0.079,1.7
"975",12.1,0.62,0.33,8.8,13,0.99658,0.073,5.9
"976",9.4,0.52,0.41,7.2,72,0.997,0.083,2.1
"977",9.4,0.52,0.41,7.2,72,0.997,0.083,2.1
"978",9.1,0.5,0.59,8.4,119,0.99801,0.109,2.6
"979",11.3,0.49,0.4,7,29,0.99416,0.061,3.6
"980",10.4,0.63,0.45,12.2,6,0.9969,0.075,1.4
"981",10.5,0.71,0.5,9.1,17,0.99774,0.065,1.9
"982",10,0.62,0.86,9.5,28,0.99712,0.079,1.9
"983",12.9,0.82,0.52,7.3,70,0.99418,0.07,2.1
"984",10.5,0.71,0.5,9.1,17,0.99774,0.065,1.9
"985",10.4,0.63,0.45,12.2,6,0.9969,0.075,1.4
"986",11.3,0.58,0.58,7.4,11,0.99562,0.064,2
"987",11.4,0.55,0.34,9.8,7,0.9947,0.066,1.4
"988",9.4,0.5,0.36,7.1,70,0.99693,0.08,1.6
"989",9.4,0.49,0.39,7.7,27,0.99596,0.097,1.7
"990",10.9,0.51,0.295,9.7,21,0.99556,0.073,1.5
"991",9.4,0.49,0.39,7.7,27,0.99596,0.097,1.7
"992",9.4,0.48,0.34,7.1,68,0.99694,0.082,2
"993",9.4,0.48,0.4,6.5,47,0.99554,0.076,2
"994",9.4,0.48,0.34,7.1,68,0.99694,0.082,2
"995",9.4,0.43,0.35,10,88,0.99918,0.092,2.5
"996",10.1,0.62,0.6,7.7,41,0.99697,0.079,2
"997",12.8,0.63,0.66,5.6,11,0.99378,0.087,2.2
"998",12.8,0.63,0.66,5.6,11,0.99378,0.087,2.2
"999",9.1,0.48,0.84,8.9,10,0.99554,0.05,1.4
"1000",12.9,0.53,0.69,6.4,12,0.99162,0.055,1.65
"1001",11.5,0.72,0.43,7.5,12,0.99495,0.062,2.2
"1002",10.6,0.82,0.35,9.9,47,0.99676,0.058,1.5
"1003",11.7,0.84,0.29,9.1,27,0.99516,0.063,2.05
"1004",12.8,0.55,0.36,6.8,8,0.9928,0.067,1.8
"1005",10.3,0.54,0.43,8.2,45,0.99603,0.081,1.6
"1006",12.8,0.55,0.36,6.8,8,0.9928,0.067,1.8
"1007",11.7,0.84,0.29,9.1,27,0.99516,0.063,2.05
"1008",11.7,0.84,0.3,9.1,25,0.99516,0.064,2
"1009",12,0.7,0.35,8.9,24,0.99549,0.11,3.6
"1010",10.9,0.68,0.5,9.6,55,0.99722,0.116,2.8
"1011",12.3,0.55,0.28,8.9,12,0.99354,0.067,1.7
"1012",10.4,0.55,0.32,8.9,19,0.9957,0.088,2
"1013",10,0.48,1.005,7.7,32,0.99604,0.102,2.1
"1014",10,0.58,0.71,7.5,31,0.99635,0.092,1.6
"1015",11.2,0.58,0.58,8,7,0.99454,0.12,2
"1016",11.4,0.84,0.39,10.5,27,0.99598,0.075,2.2
"1017",12.6,0.75,0.38,8.9,28,0.99486,0.068,2.2
"1018",12.7,0.44,0.18,8,109,0.99007,0.049,0.9
"1019",12.7,0.44,0.18,8,109,0.99007,0.049,0.9
"1020",10.4,0.61,0.5,7,23,0.99636,0.078,1.8
"1021",11.9,0.53,0.36,11.3,8,0.99642,0.123,2.4
"1022",11.9,0.53,0.36,11.3,8,0.99642,0.123,2.4
"1023",10.5,0.54,0.51,7,9,0.99584,0.062,2.1
"1024",12.3,0.55,0.32,8.2,9,0.99506,0.098,2.3
"1025",10.5,0.56,0.58,7.7,18,0.99568,0.088,1.8
"1026",10.4,0.6,0.83,8.6,43,0.99822,0.095,2.8
"1027",12.6,0.56,0.31,7.9,36,0.99364,0.066,1.9
"1028",11.6,0.52,0.795,6.4,52,0.99378,0.065,2.2
"1029",10.1,0.54,0.34,7.2,68,0.99586,0.075,2.5
"1030",10.5,0.56,0.58,7.7,18,0.99568,0.088,1.8
"1031",11.5,0.55,0.59,7.1,14,0.99488,0.091,2.1
"1032",11,0.58,0.55,7.3,15,0.99514,0.093,1.8
"1033",9.6,0.53,0.82,8.1,14,0.99854,0.095,4.1
"1034",10.4,0.59,0.57,7.5,27,0.99592,0.089,2.6
"1035",9.7,0.47,0.745,8.9,48,0.99739,0.077,2.5
"1036",10.6,0.65,0.37,10.1,17,0.99683,0.085,2.4
"1037",12.5,0.59,0.31,7.6,35,0.99356,0.082,2.5
"1038",9.2,0.56,0.91,7.3,56,0.99672,0.074,1.8
"1039",12.6,0.77,0.41,8.7,42,0.9953,0.078,6.2
"1040",11.1,0.83,0.5,8.9,39,0.99692,0.088,2.2
"1041",10.2,0.67,0.965,7.4,32,0.99756,0.088,2.2
"1042",9.8,0.64,0.49,6.9,26,0.99547,0.079,1.7
"1043",11.1,0.83,0.5,8.9,39,0.99692,0.088,2.2
"1044",10.9,0.81,0.39,9.5,39,0.99859,0.069,8.9
"1045",12.2,0.62,0.39,6.4,53,0.99294,0.046,3.3
"1046",11.4,0.58,0.44,6.9,38,0.99438,0.07,1.4
"1047",10.7,0.62,0.78,7.6,45,0.99612,0.076,1.7
"1048",10.4,0.64,0.43,7.1,51,0.99634,0.082,1.8
"1049",10.9,0.78,0.49,9.3,14,0.99702,0.081,1.7
"1050",10.8,0.77,0.5,9.3,17,0.99704,0.084,1.8
"1051",10.4,0.64,0.43,7.1,51,0.99634,0.082,1.8
"1052",9.2,1.34,0.46,8.5,45,0.99702,0.414,1.4
"1053",12.9,0.55,0.605,5.6,25,0.99258,0.073,2.4
"1054",12.7,0.77,0.33,8.3,20,0.99426,0.07,2.3
"1055",9.1,0.62,0.64,8.2,77,0.99747,0.095,2
"1056",9.1,0.62,0.64,8.2,77,0.99747,0.095,2
"1057",12.1,0.59,0.48,8.9,10,0.99586,0.101,4
"1058",9.1,0.57,0.42,7.6,90,0.99784,0.104,3.9
"1059",11.6,0.76,0.53,9.9,52,0.9971,0.093,2.4
"1060",12.1,0.59,0.48,8.9,10,0.99586,0.101,4
"1061",9.9,0.7,0.23,11.6,8,0.9981,0.074,1.8
"1062",12.5,0.69,0.4,9.1,16,0.99462,0.071,1.8
"1063",11.4,0.64,0.38,8,15,0.9956,0.098,1.9
"1064",11.8,0.63,0.29,10.2,17,0.99565,0.075,2.4
"1065",11.8,0.57,0.74,8.2,10,0.99418,0.067,2
"1066",10.2,0.6,0.61,7.7,20,0.9963,0.083,2.4
"1067",12.5,0.72,0.52,6.6,26,0.99358,0.07,2.4
"1068",10.9,0.83,0.31,11.1,10,0.99572,0.06,2.2
"1069",10.9,0.83,0.31,11.1,10,0.99572,0.06,2.2
"1070",10.8,0.62,0.62,8,52,0.997,0.086,2.8
"1071",11.1,0.89,0.33,9.3,37,0.99498,0.057,1.5
"1072",9.2,0.58,0.77,7.5,92,0.99892,0.098,8.1
"1073",9.5,0.58,0.35,7.2,75,0.9968,0.083,1.8
"1074",10.7,0.58,0.62,8,37,0.9972,0.088,2.7
"1075",9.2,0.58,0.77,7.5,92,0.99892,0.098,8.1
"1076",10.2,0.86,0.25,9.1,67,0.99769,0.071,2
"1077",11.4,0.73,0.32,9.9,8,0.99534,0.073,2
"1078",11,0.58,0.37,8.6,8,0.99817,0.08,6.4
"1079",11,0.58,0.37,8.6,8,0.99817,0.08,6.4
"1080",12.3,0.51,0.3,7.9,278,0.99316,0.05,8.3
"1081",11.8,0.51,0.27,10.3,8,0.99471,0.047,1.4
"1082",12.3,0.51,0.3,7.9,289,0.99316,0.05,8.3
"1083",9.5,0.59,0.38,7.2,70,0.99685,0.073,1.8
"1084",12,0.77,0.42,8.7,59,0.99617,0.072,2.4
"1085",9.5,0.59,0.38,7.2,70,0.99685,0.073,1.8
"1086",9.6,0.49,0.48,6.8,64,0.99529,0.074,1.8
"1087",11.6,0.66,0.34,8.5,9,0.99738,0.055,4.7
"1088",11.2,0.69,0.19,7.9,30,0.994,0.057,1.6
"1089",9.9,0.76,0.41,11.6,41,0.99735,0.095,1.5
"1090",9.9,0.76,0.41,11.6,41,0.99735,0.095,1.5
"1091",11.8,0.63,0.26,10,74,0.99451,0.083,1.9
"1092",11.4,0.6,0.34,7.9,19,0.99546,0.086,2
"1093",11.5,0.59,0.54,7,16,0.99479,0.081,2
"1094",12,0.86,0.31,9.2,31,0.99615,0.079,2.2
"1095",10.8,0.49,0.725,6.6,17,0.99655,0.117,5.5
"1096",10.5,0.5,0.4,9.4,20,0.99772,0.087,2.5
"1097",10.8,0.49,0.725,6.6,17,0.99655,0.117,5.5
"1098",9.4,0.52,0.52,8.6,18,0.99666,0.096,1.5
"1099",12.5,0.81,0.31,8,16,0.99358,0.216,2.1
"1100",9.4,0.52,0.52,8.6,18,0.99666,0.096,1.5
"1101",12.4,0.78,0.34,8.4,36,0.99392,0.072,2.1
"1102",12,0.63,0.49,7.4,25,0.99388,0.071,2.1
"1103",11.2,0.54,0.48,6.1,30,0.99402,0.078,1.7
"1104",12,0.63,0.49,7.4,25,0.99388,0.071,2.1
"1105",12.4,0.66,0.48,8,25,0.9936,0.073,2.2
"1106",12.8,0.6,0.57,6.3,49,0.99374,0.048,2.1
"1107",12.3,0.54,0.23,8.2,17,0.99376,0.069,1.9
"1108",11.7,0.85,0.3,9.1,24,0.99523,0.068,2
"1109",9.5,0.49,0.78,8.1,13,0.99855,0.09,3.3
"1110",10.8,0.76,0.47,10.8,66,0.9982,0.171,2.1
"1111",10,0.64,0.53,8.3,14,0.99593,0.07,1.4
"1112",12.3,0.64,0.42,5.4,55,0.99471,0.092,2
"1113",11,0.71,0.33,7.9,35,0.99396,0.056,1.5
"1114",9.5,0.59,0.24,8.9,10,0.99698,0.074,1.6
"1115",13.6,0.66,0.4,5,80,0.9902,0.046,4.3
"1116",11.3,0.6,0.69,7,21,0.99572,0.091,2.5
"1117",11.3,0.6,0.69,7,21,0.99572,0.091,2.5
"1118",11.3,0.6,0.69,7,21,0.99572,0.091,2.5
"1119",13.3,0.53,0.39,7.1,24,0.99252,0.065,2.1
"1120",12.9,0.58,0.66,5.6,15,0.99256,0.066,2.5
"1121",13.1,0.72,0.54,7.9,17,0.99235,0.076,2.5
"1122",12.3,0.55,0.5,6.6,28,0.99352,0.062,1.8
"1123",12.3,0.48,0.47,6.3,33,0.9922,0.055,1.4
"1124",11.2,0.65,0.4,10.7,29,0.99674,0.081,1.9
"1125",11.5,0.62,0.58,6.5,13,0.99557,0.096,2.2
"1126",11.3,0.59,0.24,8.8,27,0.99394,0.055,1.7
"1127",13.5,0.54,0.29,5.8,11,0.9915,0.063,1.7
"1128",11.5,0.6,0.76,6.3,52,0.99379,0.072,2.9
"1129",10,0.68,0.43,10,89,0.9984,0.095,2.7
"1130",10.5,0.69,0.43,10.5,70,0.99798,0.092,3.3
"1131",10.4,0.63,0.6,9.1,10,0.9977,0.058,1.9
"1132",9.5,0.44,0.19,5.9,135,0.99341,0.045,1.7
"1133",13.6,0.88,0.36,7.4,38,0.9933,0.075,1.8
"1134",11.2,0.68,0.48,7.2,18,0.99684,0.089,5.5
"1135",11.8,0.74,0.28,8.5,15,0.99524,0.061,1.7
"1136",11.9,0.6,0.25,8,50,0.9946,0.067,1.7
"1137",11.4,0.76,0.52,10.4,13,0.99774,0.08,2
"1138",11.4,0.76,0.52,10.4,13,0.99774,0.08,2
"1139",9.1,0.58,0.41,7.5,94,0.99786,0.104,3.7
"1140",9.5,0.64,0.51,8.2,86,0.99764,0.079,2
"1141",9.5,0.65,0.4,7.3,79,0.9969,0.08,1.7
"1142",11,0.85,0.38,8.2,71,0.99624,0.08,2.5
"1143",11.4,0.65,0.45,6.9,12,0.99354,0.043,2.4
"1144",10,0.82,0.22,7,20,0.99672,0.065,1.8
"1145",10.1,0.62,0.32,7.3,70,0.99588,0.066,2.3
"1146",10.4,0.81,0.2,8.2,51,0.99672,0.076,2.5
"1147",9.8,0.87,0.5,7.8,21,0.996,0.178,1.8
"1148",11.8,0.49,0.41,10,14,0.99702,0.071,6.2
"1149",11.6,0.66,0.39,7.8,21,0.99526,0.086,2
"1150",12,0.52,0.35,10,11,0.99585,0.061,2
"1151",12.8,0.76,0.33,8.2,12,0.99473,0.067,2.8
"1152",12.5,0.65,0.58,6.1,70,0.99352,0.044,2.5
"1153",9.8,0.53,0.6,8.3,38,0.99616,0.118,2.2
"1154",11.1,0.66,0.42,9.6,38,0.99622,0.083,2.1
"1155",11.4,0.68,0.58,6.6,63,0.99544,0.1,2.2
"1156",9.8,0.53,0.6,8.3,38,0.99616,0.118,2.2
"1157",11.8,0.76,0.18,8.5,88,0.99524,0.071,1.75
"1158",12.9,0.87,0.51,5.1,101,0.9924,0.042,2.1
"1159",10.6,1.16,0.41,6.7,54,0.99572,0.076,2.8
"1160",10.8,0.67,0.41,10.2,37,0.99728,0.11,2.2
"1161",11.1,0.72,0.36,10.6,20,0.99676,0.087,2.3
"1162",10.2,0.75,0.45,8.8,21,0.99551,0.076,1.4
"1163",11.8,0.71,0.32,8.5,19,0.99434,0.075,2.3
"1164",10,0.67,0.785,9,21,0.99692,0.078,1.7
"1165",10,0.67,0.785,9,21,0.99692,0.078,1.7
"1166",9.4,1.1,0.44,8.5,38,0.99634,0.369,1.9
"1167",10.2,0.98,0.54,9.9,60,0.99709,0.111,2
"1168",12.4,0.88,0.33,8.2,48,0.99528,0.074,2.5
"1169",12,0.56,0.34,6.5,44,0.99384,0.067,2.8
"1170",11.5,0.62,0.5,7.6,14,0.99502,0.086,2.3
"1171",10.5,0.67,0.36,9.2,12,0.99667,0.062,1.6
"1172",10.8,0.68,0.59,7.1,44,0.99522,0.078,2.2
"1173",12.3,0.74,0.42,9.7,16,0.99649,0.074,2.1
"1174",9.5,0.62,0.36,7.6,65,0.99716,0.079,1.7
"1175",9.5,0.62,0.36,7.6,65,0.99716,0.079,1.7
"1176",11.5,0.7,0.61,6.5,59,0.99541,0.095,2.2
"1177",11.2,0.5,0.88,6.5,47,0.99572,0.079,5.6
"1178",12.7,0.66,0.66,7.1,11,0.99318,0.052,2.4
"1179",11.4,0.73,0.915,5.6,78,0.99346,0.041,2.1
"1180",11,0.81,0.35,8.2,47,0.99599,0.076,2.4
"1181",11,0.81,0.35,8.2,47,0.99599,0.076,2.4
"1182",11.4,0.46,0.39,9.8,11,0.99478,0.068,1.65
"1183",10.5,0.86,0.4,10.2,54,0.99754,0.068,2.5
"1184",9.3,0.6,0.66,6.8,61,0.99572,0.07,1.6
"1185",10.9,0.7,0.64,6.7,119,0.99538,0.08,2.1
"1186",11.9,0.46,0.43,7,39,0.99346,0.085,2
"1187",12.2,0.5,0.8,6.6,12,0.9963,0.079,7.8
"1188",11.9,0.46,0.43,7,39,0.99346,0.085,2
"1189",10.9,0.7,0.64,6.7,119,0.99538,0.08,2.1
"1190",9.6,0.44,0.955,8.8,19,0.99616,0.075,1.8
"1191",12.5,0.57,0.4,9.1,20,0.99652,0.08,4.6
"1192",10.8,0.51,0.885,6.5,12,0.99551,0.166,2.3
"1193",12.4,0.8,0.25,7.2,41,0.99439,0.063,2.5
"1194",10.8,0.51,0.885,6.4,12,0.99551,0.166,2.3
"1195",9.5,0.59,0.745,7,64,0.99588,0.114,1.8
"1196",9.5,0.6,0.43,6.2,56,0.99633,0.078,1.8
"1197",9.5,0.58,0.58,7.9,94,0.99686,0.076,2.3
"1198",9.8,0.54,0.57,7.7,9,0.99458,0.069,1.5
"1199",10.9,0.79,0.26,7.7,77,0.9951,0.052,2
"1200",9.5,0.58,0.58,7.9,94,0.99686,0.076,2.3
"1201",9.8,0.54,0.57,7.7,9,0.99458,0.069,1.5
"1202",11.2,0.54,0.34,7.9,10,0.99419,0.065,1.9
"1203",11.7,0.69,0.42,8.6,12,0.99516,0.068,1.8
"1204",9.4,0.55,0.74,9.9,76,0.99878,0.111,5.8
"1205",11,0.85,0.36,7.2,44,0.99534,0.074,2.1
"1206",11,0.85,0.36,7.2,44,0.99534,0.074,2.1
"1207",11,0.85,0.36,7.2,44,0.99534,0.074,2.1
"1208",10,0.94,0.72,9.9,52,0.99752,0.136,1.7
"1209",11,0.85,0.36,7.2,44,0.99534,0.074,2.1
"1210",11.2,0.87,0.39,6.2,24,0.99428,0.071,2
"1211",10.4,0.62,0.65,6.8,15,0.99498,0.078,2.1
"1212",9.3,0.62,0.44,6.6,53,0.9957,0.076,2.1
"1213",10.4,0.62,0.65,6.8,15,0.99498,0.078,2.1
"1214",10.5,0.75,0.38,9.6,13,0.99659,0.071,1.9
"1215",10.4,0.48,0.33,10.2,9,0.99628,0.081,1.9
"1216",11.3,0.56,0.27,8.8,29,0.99488,0.095,2.1
"1217",9.5,0.69,0.57,7.9,79,0.99677,0.079,2
"1218",12,0.81,0.34,8.2,74,0.99408,0.057,1.9
"1219",10.6,0.69,0.4,8.2,24,0.996,0.082,1.9
"1220",10.9,0.83,0.39,9,50,0.99478,0.044,1.3
"1221",11.5,0.77,0.32,10.9,44,0.99734,0.132,1.8
"1222",11.5,0.77,0.32,10.9,44,0.99734,0.132,1.8
"1223",9.6,0.46,0.53,8.1,89,0.99678,0.078,2.2
"1224",12,0.76,0.36,10.5,23,0.99638,0.074,2.2
"1225",10.3,0.82,0.39,12.6,20,0.9992,0.08,2.5
"1226",9.4,0.51,0.46,9.2,77,0.99922,0.091,2.6
"1227",9.2,0.47,0.58,7.5,46,0.99592,0.08,4.1
"1228",9.6,0.72,0.58,9,21,0.99769,0.104,2
"1229",13.6,0.73,0.42,5.1,88,0.99157,0.044,1.8
"1230",9.5,0.64,0.43,7.6,66,0.99718,0.075,2.1
"1231",11.8,0.78,0.18,7.7,58,0.9947,0.066,2.7
"1232",10.8,0.62,0.815,7.8,90,0.99621,0.074,2.6
"1233",9.5,0.64,0.43,7.6,66,0.99718,0.075,2.1
"1234",9.3,0.49,0.23,10.2,36,0.99614,0.057,2.2
"1235",12.8,0.4,0.75,7.1,18,0.99242,0.059,2.2
"1236",11.5,0.56,0.33,6,113,0.99572,0.054,12.9
"1237",9.4,0.64,0.55,7.8,17,0.99659,0.07,1.7
"1238",12.8,0.4,0.75,7.1,18,0.99242,0.059,2.2
"1239",9.6,0.46,0.73,8.1,24,0.99798,0.081,2.5
"1240",11.8,0.56,0.67,6.5,20,0.99488,0.057,4.3
"1241",9.3,0.4,0.61,7.5,60,0.99494,0.076,1.7
"1242",9.8,0.59,0.37,9.8,65,0.99729,0.079,2.5
"1243",12.2,0.6,0.4,9,40,0.99414,0.058,2
"1244",9.5,0.62,0.56,8.3,86,0.9983,0.082,2.4
"1245",10.3,0.54,0.29,5.9,160,0.99721,0.067,13.4
"1246",10.5,0.68,0.55,7.4,34,0.99655,0.082,1.8
"1247",10,0.48,0.74,7.4,48,0.99502,0.086,1.7
"1248",10.5,0.68,0.55,7.4,34,0.99655,0.082,1.8
"1249",11.1,0.75,0.41,6.9,36,0.9949,0.081,2.2
"1250",10.9,0.61,0.6,7.1,37,0.99514,0.079,2.3
"1251",10.9,0.61,0.6,7.1,37,0.99514,0.079,2.3
"1252",9.8,0.59,0.58,7.5,60,0.9963,0.077,2.2
"1253",9.8,0.58,0.72,7.1,14,0.99627,0.123,1.8
"1254",9.5,0.58,0.66,7.9,13,0.99569,0.096,1.4
"1255",10.9,0.69,0.7,7.8,35,0.99628,0.079,1.9
"1256",11,0.45,0.64,6.1,46,0.99358,0.069,2.4
"1257",9.2,0.42,0.59,7.5,60,0.99499,0.082,1.8
"1258",11,0.7,0.58,7,69,0.99633,0.085,4.8
"1259",11.3,0.63,0.64,6.8,33,0.99538,0.123,2.7
"1260",11.3,0.63,0.64,6.8,33,0.99538,0.123,2.7
"1261",9.3,1.15,0.635,8.6,56,0.99632,0.403,1.8
"1262",11.2,0.55,1.02,6.3,24,0.99437,0.083,2
"1263",9.8,0.58,0.45,9.8,66,0.99726,0.081,2.5
"1264",9.6,0.46,0.78,8.2,26,0.9978,0.089,2.2
"1265",11.8,0.72,0.37,8.5,51,0.99456,0.066,1.8
"1266",10.3,0.6,0.57,7.2,36,0.99564,0.081,2.3
"1267",10.3,0.6,0.57,7.2,36,0.99564,0.081,2.3
"1268",11.4,0.87,0.43,10.4,19,0.996,0.068,2.3
"1269",9.5,0.55,0.41,6.9,51,0.99668,0.079,2
"1270",14,0.82,0.49,5.5,87,0.9908,0.044,1.8
"1271",14,0.75,0.38,5,60,0.99084,0.048,1.6
"1272",11.7,0.57,0.44,7.3,64,0.9935,0.049,1.6
"1273",11.2,0.53,0.46,5.9,44,0.99385,0.077,1.9
"1274",9.3,0.43,0.58,7.5,44,0.99494,0.073,2
"1275",11.2,0.53,0.58,7.8,36,0.9944,0.102,2.1
"1276",9.5,0.54,0.715,8,81,0.99688,0.075,2.3
"1277",12,0.56,0.4,8.5,10,0.99566,0.05,6.3
"1278",9.7,0.6,0.69,7,10,0.99636,0.114,1.9
"1279",9.5,0.54,0.715,8,81,0.99688,0.075,2.3
"1280",11.5,0.57,0.3,9.8,9,0.9948,0.062,1.7
"1281",10.4,0.64,0.46,7.1,54,0.9956,0.077,1.9
"1282",10.4,0.64,0.46,7.1,54,0.9956,0.077,1.9
"1283",10.9,0.68,0.765,7.9,22,0.99619,0.084,2
"1284",10.2,0.63,0.63,8.7,69,0.99734,0.096,2.7
"1285",10.9,0.56,0.42,7,36,0.99476,0.071,2.3
"1286",10.5,0.57,0.37,11.3,47,0.99734,0.09,1.8
"1287",12.4,0.54,0.16,7.1,31,0.99328,0.068,2.5
"1288",13,0.37,0.6,8,7,0.99286,0.056,2.6
"1289",10.2,1.17,0.6,7,110,0.99914,0.068,4.5
"1290",10.2,1.17,0.6,7,110,0.99914,0.068,4.5
"1291",11,0.59,0.74,7.6,12,0.99521,0.1,1.9
"1292",10.9,0.75,0.635,8.2,60,0.99638,0.073,2.1
"1293",12.4,0.67,0.395,5.9,28,0.99362,0.056,2.4
"1294",9.7,0.49,0.755,7.5,12,0.99672,0.084,1.9
"1295",10.9,0.75,0.635,8.2,60,0.99638,0.073,2.1
"1296",9.5,0.45,0.63,6.6,77.5,0.99558,0.093,4.3
"1297",9.5,0.45,0.63,6.6,77.5,0.99558,0.093,4.3
"1298",12.1,0.61,0.53,7.2,29,0.99323,0.064,2.1
"1299",12.2,0.56,0.6,5.7,18,0.99191,0.063,1.4
"1300",10.9,0.4,1.58,7.6,9,0.99476,0.137,2.1
"1301",12.5,0.61,0.645,5.2,28,0.99444,0.08,2.15
"1302",11.7,0.74,0.86,6.7,57,0.99598,0.1,2
"1303",11.2,0.8,0.37,9.1,15,0.99576,0.064,2.1
"1304",11.2,0.66,0.28,8,68,0.99501,0.081,1.8
"1305",9.2,0.44,0.79,7.6,68,0.9955,0.087,2.3
"1306",9.8,0.53,0.61,7.5,88,0.99612,0.073,1.9
"1307",10.1,0.62,0.69,9.7,91,0.9979,0.088,2.5
"1308",11.1,0.52,0.68,6.8,29,0.99524,0.068,3.9
"1309",10.1,0.62,0.69,9.7,91,0.9979,0.088,2.5
"1310",9.2,0.61,0.62,7,63,0.996,0.071,1.4
"1311",9.8,0.53,0.61,7.5,88,0.99612,0.073,1.9
"1312",12.8,0.59,0.51,6.5,27,0.9929,0.064,3
"1313",10.5,0.47,1.18,8,41,0.99532,0.083,1.9
"1314",10.1,0.54,0.36,7,65,0.99558,0.086,2.3
"1315",10.1,0.53,0.36,7,69,0.99556,0.086,2.4
"1316",9.8,0.58,0.63,7.5,91,0.99616,0.083,2
"1317",12.5,0.59,0.74,5.4,46,0.99258,0.041,1.2
"1318",11.9,0.69,0.44,9.9,41,0.99638,0.091,2.2
"1319",9.8,0.58,0.63,7.5,91,0.99616,0.083,2
"1320",9.1,1.33,0.76,9.1,64,0.99652,0.414,1.7
"1321",10.1,0.66,0.66,9.7,88,0.99796,0.094,2.6
"1322",12.5,0.59,0.74,5,46,0.99258,0.041,1.2
"1323",11.4,0.55,0.34,9.1,18,0.99392,0.058,1.8
"1324",11,0.82,0.36,9.1,55,0.99495,0.06,1.8
"1325",10.6,0.6,0.46,6.7,34,0.9948,0.077,1.7
"1326",10.6,0.6,0.46,6.7,34,0.9948,0.077,1.7
"1327",10.6,0.6,0.46,6.7,34,0.9948,0.077,1.7
"1328",10.6,0.6,0.46,6.7,34,0.9948,0.077,1.7
"1329",9.3,0.52,0.52,6.5,38,0.9955,0.073,1.8
"1330",9.8,0.56,0.6,7.4,91,0.99616,0.083,2.1
"1331",9.8,0.56,0.6,7.4,91,0.99616,0.083,2.1
"1332",9.2,0.46,0.87,7.8,67,0.99668,0.107,3.8
"1333",9.7,0.43,0.39,8.4,25,0.99581,0.075,1.7
"1334",9.6,0.51,0.775,9.1,48,0.9976,0.079,2.2
"1335",10,0.52,0.835,7.2,11,0.99608,0.166,2
"1336",12.6,0.66,0.58,6.6,40,0.99387,0.069,2.4
"1337",9.5,0.45,0.5,6,26,0.99448,0.057,1.4
"1338",9.5,0.45,0.5,6,26,0.99448,0.057,1.4
"1339",9.5,0.45,0.5,6,26,0.99448,0.057,1.4
"1340",10.5,0.54,0.51,7.5,31,0.99538,0.084,1.7
"1341",10.5,0.54,0.51,7.5,31,0.99538,0.084,1.7
"1342",10.5,0.54,0.51,7.5,31,0.99538,0.084,1.7
"1343",10.4,0.51,0.54,7.6,31,0.99589,0.085,1.7
"1344",10.5,0.54,0.51,7.5,31,0.99538,0.084,1.7
"1345",11,0.53,0.42,11.5,20,0.99852,0.077,2.6
"1346",10.2,0.53,0.44,8.2,28,0.99613,0.063,2.3
"1347",11.4,0.56,0.59,6.1,13,0.99472,0.056,2.1
"1348",9.5,0.39,0.655,7.2,12,0.99587,0.078,1.8
"1349",9.5,0.39,0.655,7.2,12,0.99587,0.078,1.8
"1350",10.8,0.52,0.57,6.9,41,0.99518,0.081,2.8
"1351",10,0.57,0.6,9,73,0.99654,0.069,2
"1352",11.8,0.51,0.62,7.2,46,0.99332,0.065,2.3
"1353",10.3,0.46,0.645,7.6,57,0.9969,0.086,1.9
"1354",10.3,0.46,0.645,7.6,57,0.9969,0.086,1.9
"1355",10,0.52,0.58,7.2,28,0.99568,0.077,2.3
"1356",10.1,0.44,0.32,6.1,32,0.99464,0.086,1.8
"1357",10.1,0.44,0.34,6.1,28,0.99464,0.084,1.8
"1358",11.1,0.59,0.43,7.3,67,0.99648,0.078,2.5
"1359",9.5,0.5,0.64,7.4,98,0.99736,0.168,5.4
"1360",10.0333333333333,0.65,0.475,11.6,28,0.99704,0.091,1.4
"1361",10.9,0.56,0.54,9.2,38,0.99699,0.112,2.3
"1362",10.1,0.54,0.85,8.3,54,0.99724,0.093,2.5
"1363",10.0333333333333,0.65,0.475,11.6,28,0.99704,0.091,1.4
"1364",9.8,0.48,0.83,8,63,0.99652,0.08,2
"1365",11.8,0.53,0.605,7.2,31,0.995,0.096,1.9
"1366",9.5,0.62,0.5,7.8,42,0.9971,0.115,2.2
"1367",9.8,0.5,0.74,7.3,45,0.99576,0.094,1.7
"1368",10.5,1.18,0.54,6.9,105,0.99725,0.088,2.2
"1369",9.8,0.5,0.77,8,74,0.99656,0.079,2.1
"1370",10.4,0.37,0.61,6.6,8,0.99396,0.069,1.6
"1371",9.2,1.17,0.78,8.7,66,0.99623,0.415,1.7
"1372",11.6,1.03,0.58,7.5,14,0.99476,0.153,3.1
"1373",9.2,1.17,0.78,8.7,66,0.99623,0.415,1.7
"1374",9.3,0.45,0.75,7.7,89,0.99664,0.11,3.8
"1375",9.8,0.51,0.815,6.8,29,0.99471,0.267,1.2
"1376",9.9,0.52,0.56,7.2,100,0.99586,0.083,2
"1377",10,0.46,0.885,8.2,31,0.9946,0.086,1.4
"1378",12.2,0.62,0.49,5.2,74,0.9953,0.09,2.3
"1379",9.9,0.51,0.45,7.2,28,0.99609,0.078,2
"1380",10.8,0.62,0.57,7.5,35,0.99557,0.077,2.6
"1381",10.8,0.62,0.57,7.5,35,0.99557,0.077,2.6
"1382",9.6,0.45,0.83,6.8,25,0.99534,0.074,1.8
"1383",9.9,0.49,0.6,8,105,0.99613,0.08,2.1
"1384",9.9,0.49,0.6,8,105,0.99613,0.08,2.1
"1385",9.5,0.5,0.755,7.1,84,0.99593,0.107,1.8
"1386",9.2,0.42,0.81,8,85,0.99668,0.076,3.4
"1387",9.6,0.58,0.64,7.4,23,0.9961,0.1,1.8
"1388",9.6,0.58,0.64,7.4,23,0.9961,0.1,1.8
"1389",10.3,0.68,0.64,6.6,49,0.99718,0.083,6.1
"1390",9.7,0.53,0.48,6.7,111,0.99524,0.08,2.2
"1391",12.5,0.59,0.49,6,33,0.99292,0.068,2.3
"1392",11,0.58,0.64,8,33,0.99612,0.094,2.4
"1393",9.8,0.48,0.62,7.1,12,0.9942,0.07,1.3
"1394",10.2,0.48,0.52,8,59,0.99612,0.078,2
"1395",9.2,0.48,0.57,6.4,73,0.99669,0.07,3.9
"1396",9.55,0.65,0.685,8.6,12,0.99745,0.092,1.6
"1397",9.55,0.65,0.675,8.7,11,0.99745,0.09,1.6
"1398",9.9,0.52,0.59,7.3,104,0.99584,0.08,2
"1399",10.2,0.62,0.6,7,28,0.9966,0.083,2.2
"1400",11.1,0.72,0.67,7.2,24,0.9956,0.068,2.2
"1401",9.9,0.51,0.69,7.9,141,0.9962,0.08,2.1
"1402",9.9,0.51,0.69,7.9,141,0.9962,0.08,2.1
"1403",11.9,0.82,0.3,7.6,24,0.9963,0.052,2
"1404",10,1.1,0.33,7.2,13,0.996,0.061,1.7
"1405",10.7,0.62,0.5,8,46,0.9985,0.082,2.6
"1406",11.3,0.9,0.28,7.7,34,0.9952,0.062,2
"1407",10.9,0.94,0.24,8.2,22,0.9974,0.062,5.1
"1408",10.7,0.93,0.51,6,54,0.995,0.064,2.1
"1409",12.4,1.01,0.29,8.1,53,0.995,0.048,2.2
"1410",10.7,0.93,0.51,6,54,0.995,0.064,2.1
"1411",11.9,0.44,0.96,6.6,16,0.9936,0.082,1.8
"1412",10.6,0.73,0.47,6.4,19,0.9963,0.071,2.4
"1413",10.9,0.94,0.24,8.2,22,0.9974,0.062,5.1
"1414",10.1,0.9,0.57,9.9,89,0.9963,0.104,2
"1415",9.6,0.78,0.32,10,15,0.9994,0.077,2.2
"1416",9.4,0.84,0.58,6.2,18,0.9966,0.065,1.6
"1417",9.6,0.78,0.32,10,15,0.9994,0.077,2.2
"1418",12.1,0.77,0.34,7.3,37,0.9952,0.064,2.5
"1419",9.8,0.46,0.53,7.8,19,0.995,0.077,1.6
"1420",9.9,0.45,0.64,7.7,133,0.9956,0.077,2.2
"1421",9.8,0.46,0.53,7.8,19,0.995,0.077,1.6
"1422",9.4,0.58,0.4,7.5,58,0.9965,0.079,1.6
"1423",11.4,0.84,0.54,7,55,0.9956,0.079,2.1
"1424",11,0.67,0.53,6.4,31,0.9968,0.123,3.9
"1425",9.6,0.7,0.26,8.3,23,0.9974,0.076,1.4
"1426",9.6,0.7,0.26,8.3,23,0.9974,0.076,1.4
"1427",12.1,0.71,0.23,7.7,60,0.9971,0.046,1.8
"1428",11.2,0.58,0.41,7.6,23,0.9957,0.078,2.5
"1429",11,0.63,0.64,7.8,55,0.9962,0.072,1.9
"1430",11.3,0.93,0.18,7.9,67,0.996,0.049,2.2
"1431",10.4,0.62,0.41,7.4,47,0.9956,0.066,1.8
"1432",9.9,0.54,0.43,7.6,74,0.9958,0.069,2.1
"1433",11.7,0.85,0.44,5.9,11,0.9944,0.042,1.6
"1434",10.1,0.74,0.4,6.1,25,0.9955,0.069,1.8
"1435",9,0.77,0.54,10.2,95,1.00369,0.214,15.4
"1436",9,0.77,0.54,10.2,95,1.00369,0.214,15.4
"1437",8.5,0.65,0.38,10,90,0.99914,0.169,1.6
"1438",11.1,0.54,0.915,6.8,39,0.99577,0.07,4.8
"1439",10.3,0.47,0.59,7,8,0.996,0.052,1.7
"1440",11.0666666666667,0.68,0.67,7.3,92,0.99566,0.072,2.2
"1441",11.3,0.73,0.37,7.2,28,0.9947,0.062,2
"1442",9.56666666666667,0.52,0.785,7.4,98,0.99713,0.094,5.2
"1443",9.8,0.75,0.63,6.9,30,0.99712,0.078,1.9
"1444",11.7,0.49,0.58,6.9,22,0.99322,0.058,1.75
"1445",11.1,0.68,0.67,7.3,92,0.99566,0.072,2.2
"1446",9.6,0.52,0.785,7.4,98,0.99713,0.094,5.2
"1447",9.8,0.75,0.63,6.9,30,0.99712,0.078,1.9
"1448",9.7,0.74,0.67,6.8,39,0.99701,0.08,1.9
"1449",9.7,0.73,0.58,6.9,54,0.99683,0.08,1.9
"1450",11.3,0.76,0.38,7.2,29,0.99472,0.056,2
"1451",11.3,0.73,0.37,7.2,28,0.9947,0.062,2
"1452",11,0.78,0.32,7.8,17,0.99732,0.104,2.7
"1453",11.6,0.76,0.58,6.6,53,0.99374,0.062,2
"1454",9,0.58,0.49,7.6,85,0.99706,0.074,1.9
"1455",10.9,0.69,0.45,11.7,23,0.99974,0.073,2.2
"1456",10.9,0.63,0.9,6.5,17,0.99467,0.052,1.6
"1457",10.55,0.5,0.54,6,89,0.99236,0.05,1.8
"1458",9,0.58,0.49,7.6,85,0.99706,0.074,1.9
"1459",10.5,0.6,0.29,8.4,20,0.99603,0.067,1.7
"1460",11.9,0.8,0.2,7.9,15,0.99458,0.054,1.7
"1461",10.4,0.68,0.42,6.4,64,0.99724,0.054,2.3
"1462",10,0.61,0.785,6.2,13,0.99664,0.06,2.1
"1463",10.4,0.58,0.64,6.8,31,0.99545,0.075,2.3
"1464",10.8,0.53,0.63,6.9,39,0.99522,0.076,2.4
"1465",9.7,0.67,0.59,6.8,53,0.9958,0.063,1.7
"1466",9.7,0.67,0.59,6.8,53,0.9958,0.063,1.7
"1467",10,0.65,0.48,7.3,54,0.99728,0.062,2.1
"1468",11,0.57,1.04,6.7,32,0.99648,0.067,2.3
"1469",10,0.65,0.48,7.3,54,0.99728,0.062,2.1
"1470",9.7,0.55,0.98,7.3,49,0.99705,0.061,2.1
"1471",9.7,0.47,0.69,10,24,0.99578,0.084,1.4
"1472",12.6,0.52,0.7,6.7,16,0.99334,0.067,3.75
"1473",11.1,0.79,0.35,7.6,44,0.99656,0.073,2.6
"1474",11,0.54,0.6,6.1,45,0.99336,0.071,1.8
"1475",8.8,0.75,0.5,9.9,82,1.00242,0.205,13.8
"1476",13.5666666666667,0.88,0.47,5.3,89,0.99182,0.048,2.2
"1477",8.8,0.75,0.5,9.9,82,1.00242,0.205,13.8
"1478",13.6,0.88,0.47,5.3,89,0.99182,0.048,2.2
"1479",10.2,0.52,0.875,7.1,14,0.99808,0.082,5.7
"1480",10.6,0.68,0.28,8.2,22,0.99828,0.104,3
"1481",10.1,0.62,0.62,5.6,13,0.99498,0.08,1.5
"1482",10.6,0.68,0.28,8.2,22,0.99828,0.104,3
"1483",10.3,0.57,0.58,7.2,9,0.99719,0.114,2.1
"1484",10.7,0.61,0.33,8.1,12,0.99542,0.042,1.5
"1485",10.9,0.64,0.91,6.8,11,0.99592,0.06,2
"1486",9.7,0.55,0.655,7,25,0.99606,0.074,2.1
"1487",10.3,0.6,0.68,6.8,23,0.99546,0.07,2.1
"1488",10.6,0.78,0.64,6,17,0.99496,0.066,1.9
"1489",11.4,0.58,0.54,5.6,13,0.9942,0.049,1.7
"1490",10.8,0.76,0.57,6.2,11,0.99448,0.048,2.1
"1491",12.4,0.56,0.22,7.1,18,0.99344,0.039,1.8
"1492",11.4,0.58,0.54,5.6,13,0.9942,0.049,1.7
"1493",11.95,0.54,0.65,6.2,18,0.99348,0.05,1.6
"1494",9.7,0.59,0.54,7.7,147,0.99636,0.089,1.9
"1495",10,0.7,0.31,6.4,28,0.99459,0.066,1.4
"1496",10.6,0.81,0.43,7,28,0.99492,0.08,1.9
"1497",9.7,0.59,0.54,7.7,147,0.99636,0.089,1.9
"1498",11.5,0.63,0.74,6.9,16,0.99508,0.054,2.3
"1499",10.8,0.58,0.895,6.6,13,0.99582,0.068,2.3
"1500",11.5,0.63,0.74,6.9,16,0.99508,0.054,2.3
"1501",9.6,0.53,0.725,7.5,15,0.99508,0.076,1.5
"1502",9.4,0.53,0.82,7.8,64,0.99642,0.083,4.3
"1503",9.8,0.54,0.585,7.3,60,0.99638,0.078,2.4
"1504",11,0.69,0.44,6.2,14,0.99555,0.077,2.5
"1505",11.4,0.55,0.38,7.5,12,0.99605,0.106,2.3
"1506",9.95,0.63,0.76,6.7,12,0.996,0.078,1.8
"1507",10.8,0.66,0.81,6.8,14,0.99562,0.07,2
"1508",11.4,0.55,0.38,7.5,12,0.99605,0.106,2.3
"1509",10.6,0.72,0.27,7.1,25,0.99814,0.074,2.1
"1510",11.1,0.7,0.18,7.9,20,0.9941,0.062,1.8
"1511",9.7,0.77,0.36,6.4,48,0.99661,0.047,2.2
"1512",9.8,0.67,0.69,7.1,27,0.99712,0.068,2.1
"1513",10.4,0.65,0.79,6.4,17,0.99588,0.061,2.2
"1514",10.5,0.6,0.56,6.4,65,0.99294,0.078,1.8
"1515",9.23333333333333,0.72,0.84,6.9,65,0.99842,0.074,4.1
"1516",9.25,0.72,0.84,6.9,65,0.99842,0.074,4.1
"1517",10.6,0.97,0.32,6.1,58,0.99633,0.071,2.3
"1518",10.3,0.83,0.53,6.5,44,0.99489,0.063,2
"1519",10.5,0.63,0.47,7.4,20,0.99647,0.114,2.2
"1520",10.2,0.58,0.7,6.6,27,0.99665,0.106,2.6
"1521",10.3,0.83,0.53,6.5,44,0.99489,0.063,2
"1522",9.05,0.43,0.48,6.9,23,0.99585,0.082,1.9
"1523",10.6,0.97,0.32,6.1,58,0.99633,0.071,2.3
"1524",10.4,0.6,0.48,6.8,61,0.9953,0.076,2
"1525",10,0.78,0.42,6,47,0.99522,0.075,2
"1526",9.7,0.64,0.48,6.7,34,0.99552,0.064,2.1
"1527",9.6,0.65,0.47,6.8,38,0.99553,0.064,2.2
"1528",10.8,0.66,0.53,7.1,24,0.9951,0.071,1.7
"1529",10.1,0.67,0.29,7.9,59,0.99714,0.096,2.2
"1530",10.2,0.6,0.69,7.1,52,0.99608,0.063,2.1
"1531",11.3,0.69,0.44,6.6,18,0.99444,0.063,2.2
"1532",10.2,0.66,0.705,6.1,28,0.99631,0.081,2.8
"1533",9.9,0.68,0.53,7.2,22,0.99573,0.058,2
"1534",9,0.61,0.39,8,84,0.99717,0.074,1.9
"1535",11.7,0.62,0.56,6.6,29,0.99397,0.064,2.4
"1536",9.7,0.59,0.55,7,35,0.9959,0.075,2.2
"1537",10.3,0.68,0.53,6.1,45,0.99528,0.077,1.9
"1538",10.2,0.64,0.58,5.4,31,0.99484,0.059,1.9
"1539",12,0.63,0.64,6.2,26,0.99538,0.081,2.5
"1540",9.9,0.78,0.39,7.2,60,0.99714,0.065,1.8
"1541",11.6,0.63,0.52,6.2,32,0.99646,0.071,4.4
"1542",10.9,0.76,0.25,7.4,49,0.99666,0.054,2.2
"1543",10.75,0.56,0.855,6.7,38,0.99472,0.064,1.9
"1544",10.4,0.57,0.44,11.1,19,0.99758,0.064,2.2
"1545",11.2,0.81,0.37,8.4,19,0.9955,0.063,2.3
"1546",10.1,0.64,0.63,6.5,28,0.99531,0.059,1.8
"1547",10.2,0.61,0.57,7,26,0.99575,0.072,2
"1548",12.1,0.51,0.6,6.3,26,0.99306,0.048,1.6
"1549",10.4,0.58,0.4,11.2,50,0.99783,0.099,2
"1550",11.4,0.7,0.36,7.4,24,0.99419,0.074,1.8
"1551",9.5,0.53,0.68,7.1,26,0.99783,0.087,2.3
"1552",9.4,0.54,0.67,7.1,27,0.99768,0.083,2.3
"1553",11.3,0.66,0.68,6.3,54,0.99586,0.103,3.7
"1554",9.4,0.6,0.735,7.3,28,0.99765,0.08,2.2
"1555",11,0.6,0.855,6.6,23,0.99627,0.062,2.4
"1556",10.55,0.68,0.56,7,24,0.99514,0.065,1.7
"1557",9.9,0.56,0.88,6.6,20,0.99636,0.066,2.2
"1558",11,0.6,0.855,6.6,23,0.99627,0.062,2.4
"1559",9.5,0.56,0.63,6.9,115,0.99787,0.235,6.7
"1560",9.9,0.52,0.6,7.8,131,0.99622,0.08,2
"1561",9.9,0.52,0.6,7.8,131,0.99622,0.08,2
"1562",9.9,0.52,0.6,7.8,131,0.99622,0.08,2
"1563",10.1,0.54,0.695,7.2,20,0.99546,0.076,2
"1564",10.1,0.54,0.695,7.2,20,0.99546,0.076,2
"1565",10.1,0.54,0.695,7.2,20,0.99546,0.076,2
"1566",10.9,0.82,0.67,6.7,42,0.99489,0.061,1.9
"1567",11.2,0.71,0.16,6.7,52,0.99494,0.059,2.1
"1568",10.1,0.54,0.695,7.2,20,0.99546,0.076,2
"1569",9.2,0.59,0.56,7,42,0.99629,0.077,1.6
"1570",11.5,0.57,0.51,6.2,34,0.99396,0.056,1.9
"1571",12.4,0.93,0.36,6.4,35,0.9934,0.23,2.2
"1572",11.1,0.65,0.38,6.4,25,0.99514,0.038,2.2
"1573",9.5,0.51,0.69,7.3,104,0.99632,0.069,2.2
"1574",12.5,0.67,0.58,6,50,0.99467,0.075,2.4
"1575",10.5,0.48,0.31,5.6,92,0.99677,0.074,13.9
"1576",11.8,0.64,0.52,7.5,20,0.99474,0.06,2.2
"1577",10.8,0.78,0.3,8,29,0.99588,0.081,1.6
"1578",11.9,0.6,0.7,6.2,27,0.99622,0.076,5.1
"1579",11.3,0.67,0.67,6.8,20,0.9954,0.118,1.8
"1580",11.3,0.6,0.56,6.2,32,0.99402,0.053,1.7
"1581",11.9,0.6,0.35,7.4,26,0.9947,0.068,2.4
"1582",11.3,0.6,0.56,6.2,32,0.99402,0.053,1.7
"1583",11.9,0.5,0.715,6.1,27,0.99362,0.053,2.6
"1584",9.8,0.62,0.46,6.2,98,0.99578,0.074,2.1
"1585",11.6,0.8,0.32,6.7,34,0.99484,0.061,2.4
"1586",11.5,0.84,0.39,7.2,48,0.99494,0.066,2.6
"1587",11.4,0.85,0.31,7.5,60,0.99492,0.065,2.4
"1588",10.9,0.66,0.61,5.8,28,0.99483,0.066,1.8
"1589",12.8,0.78,0.66,7.2,102,0.99414,0.068,2.5
"1590",9.2,0.54,0.725,6.6,79,0.9977,0.073,7.8
"1591",11.6,0.82,0.55,6.3,35,0.99314,0.077,1.8
"1592",11.6,0.56,0.74,5.4,26,0.99402,0.089,1.7
"1593",11,0.75,0.51,6.3,40,0.99574,0.076,2.3
"1594",9.5,0.82,0.62,6.8,38,0.99651,0.068,1.9
"1595",10.5,0.58,0.6,6.2,44,0.9949,0.09,2
"1596",11.2,0.76,0.55,5.9,51,0.99512,0.062,2.2
"1597",11,0.75,0.51,6.3,40,0.99574,0.076,2.3
"1598",10.2,0.71,0.645,5.9,44,0.99547,0.075,2
"1599",11,0.66,0.31,6,42,0.99549,0.067,3.6
